,middle_notes
0,agarwood (oud)
1,dried fruits
2,orange blossom
3,davana
4,jasmine orchid
5,lily-of-the-valley
6,peach blossom
7,agarwood (oud)
8,rose
9,gardenia
10,jasmine orchid
11,orange blossom
12,rose
13,iris
14,rose
15,rose
16,violet
17,cherry blossom
18,rose
19,davana
20,plum
21,rose
22,cedar
23,indian spices
24,rose
25,narcissus
26,cumin
27,gin
28,rose
29,jasmine orchid
30,white flowers
31,iris
32,eucalyptus
33,geranium
34,rose
35,geranium
36,narcissus
37,geranium
38,jasmine orchid
39,lily
40,rose
41,ylang-ylang
42,jasmine orchid
43,neroli
44,rose
45,carnation
46,jasmine
47,leather
48,mimosa
49,rose
50,suede
51,cinnamon
52,honey
53,rose
54,jasmine orchid
55,juniper
56,lavender
57,vetiver
58,lily-of-the-valley
59,peach
60,rose
61,sandalwood
62,jasmine orchid
63,orange blossom
64,raspberry
65,rose
66,violet
67,iris
68,jasmine orchid
69,pink pepper
70,cedar
71,cloves
72,freesia
73,mint
74,cedar
75,cinnamon
76,geranium
77,sandalwood
78,iris
79,jasmine orchid
80,magnolia
81,osmanthus
82,rose
83,violet
84,olibanum (frankincense)
85,patchouli
86,rose
87,pepper
88,davana
89,driftwood
90,rose
91,rose
92,leather
93,rose
94,artemisia
95,cardamom
96,pepper
97,iris
98,jasmine orchid
99,orchid
100,rose
101,mint
102,sage
103,fragonia
104,gardenia
105,jasmine orchid
106,hyacinth
107,rose
108,magnolia
109,orange blossom
110,davana
111,clary sage
112,jasmine
113,jasmine orchid
114,cedar
115,jasmine orchid
116,violet
117,davana
118,osmanthus
119,tobacco
120,vetiver
121,apple
122,bergamot
123,jasmine orchid
124,pineapple
125,rose
126,clary sage
127,lavender
128,pepper
129,heliotrope
130,rose
131,labdanum
132,lavender
133,myrrh
134,apple
135,jasmine orchid
136,coriander
137,jasmine orchid
138,rose
139,jasmine orchid
140,peach
141,peony
142,plum
143,rose
144,violet
145,nutmeg
146,jasmine orchid
147,olibanum (frankincense)
148,tuberose
149,violet
150,coconut
151,jasmine orchid
152,jasmine orchid
153,orchid
154,rose
155,coriander
156,geranium
157,jasmine orchid
158,lavender
159,labdanum
160,amyris
161,carnation
162,tuberose
163,jasmine
164,leather
165,rose
166,salt
167,violet
168,jasmine orchid
169,plum blossom
170,praline
171,juniper
172,violet leaf
173,ginger
174,magnolia
175,wildflowers
176,jasmine orchid
177,lily-of-the-valley
178,orange blossom
179,rose
180,jasmine orchid
181,heliotrope
182,jasmine orchid
183,rose
184,pepper
185,star anise
186,chamomile
187,orange blossom
188,rose
189,violet
190,ylang-ylang
191,salt
192,orange blossom
193,patchouli
194,iris
195,rose
196,jasmine orchid
197,orange blossom
198,tuberose
199,ginger
200,lemon verbena
201,pink pepper
202,violet
203,leather
204,tobacco
205,amber
206,labdanum
207,musk
208,violet leaf
209,mate
210,rose
211,cardamom
212,cardamom
213,melon
214,orange blossom
215,plum
216,violet
217,cardamom
218,geranium
219,jasmine orchid
220,rice
221,leather
222,tea
223,ivy
224,pepper
225,peony
226,fruity notes
227,lotus
228,orchid
229,spicy notes
230,neroli
231,rose
232,ylang-ylang
233,nutmeg
234,cloves
235,geranium
236,lily-of-the-valley
237,nutmeg
238,orris root
239,rose
240,rose
241,saffron
242,ylang-ylang
243,cedar
244,nutmeg
245,immortelle
246,patchouli
247,cedar
248,sandalwood
249,coconut
250,hay
251,agarwood (oud)
252,cypriol oil or nagarmotha
253,tolu balsam
254,geranium
255,vetiver
256,iris
257,almond
258,freesia
259,jasmine orchid
260,rose
261,orange blossom
262,jasmine orchid
263,rose
264,vanilla
265,vetiver
266,jasmine orchid
267,lily-of-the-valley
268,rose
269,tuberose
270,ylang-ylang
271,coconut
272,gardenia
273,honey
274,orange blossom
275,vanilla
276,cinnamon
277,cloves
278,geranium
279,ginger
280,pepper
281,tobacco
282,patchouli
283,sandalwood
284,geranium
285,patchouli
286,pepper
287,violet
288,vanilla
289,jasmine orchid
290,oakmoss
291,rose
292,leather
293,ginger
294,cinnamon
295,cloves
296,heliotrope
297,jasmine orchid
298,orange blossom
299,ylang-ylang
300,eucalyptus
301,rosemary
302,jasmine orchid
303,marian plum
304,patchouli
305,rose
306,violet
307,ambroxan
308,jasmine orchid
309,plum
310,rose
311,rose
312,saffron
313,amaretto
314,cherry blossom
315,rose
316,ylang-ylang
317,iris
318,jasmine
319,black currant
320,cypriol oil or nagarmotha
321,rose
322,floral notes
323,leather
324,tobacco
325,ylang-ylang
326,jasmine orchid
327,lily
328,tuberose
329,lily-of-the-valley
330,peony
331,rose
332,apple
333,cedar
334,patchouli
335,vetiver
336,eucalyptus
337,ambergris
338,cashmeran
339,jasmine orchid
340,coffee
341,grape leaves
342,grapes
343,rose
344,amber
345,jasmine orchid
346,osmanthus
347,rose
348,cedar
349,jasmine orchid
350,vetiver
351,birch
352,patchouli
353,apple
354,cinnamon
355,grapefruit
356,neroli
357,passionfruit
358,pineapple
359,jasmine orchid
360,petitgrain
361,plum
362,thyme
363,davana
364,jasmine orchid
365,lilac
366,lily-of-the-valley
367,neroli
368,rose
369,ylang-ylang
370,jasmine orchid
371,ylang-ylang
372,myrrh
373,nutmeg
374,pink pepper
375,rose
376,gardenia
377,jasmine orchid
378,marigold
379,tuberose
380,geranium
381,heliotrope
382,jasmine orchid
383,neroli
384,peach
385,rose
386,ylang-ylang
387,jasmine orchid
388,rose
389,violet
390,mimosa
391,aquozone
392,iris
393,salt
394,tulip
395,palmarosa
396,violet
397,cedar
398,lavender
399,rose
400,cedar
401,passionfruit
402,rose
403,jasmine orchid
404,lily
405,clary sage
406,geranium
407,lavender
408,coconut
409,lavender
410,sage
411,galbanum
412,geranium
413,jasmine orchid
414,lavender
415,ylang-ylang
416,sage
417,thyme
418,iris
419,lily
420,rose
421,iris
422,jasmine orchid
423,basil
424,cedar
425,sage
426,gardenia
427,orange blossom
428,violet
429,clary sage
430,orange blossom
431,agave
432,geranium
433,neroli
434,rose
435,galbanum
436,cedar
437,jasmine orchid
438,rose
439,agarwood (oud)
440,cedar
441,jasmine
442,jasmine orchid
443,jasmine orchid
444,sandalwood
445,lavender
446,lily-of-the-valley
447,jasmine
448,jasmine orchid
449,milk
450,coriander
451,pink pepper
452,cardamom
453,labdanum
454,leather
455,davana
456,geranium
457,jasmine orchid
458,orange blossom
459,jasmine orchid
460,pepper
461,violet
462,basil
463,green tea flower
464,jasmine orchid
465,agarwood (oud)
466,myrrh
467,rose
468,bergamot
469,jasmine orchid
470,pineapple
471,rose
472,nutmeg
473,cardamom
474,cinnamon
475,pink pepper
476,ylang-ylang
477,geranium
478,lavender
479,orange blossom
480,sage
481,patchouli
482,carrot seeds
483,elemi
484,iris
485,juniper
486,salt
487,neroli
488,sandalwood
489,cardamom
490,coriander
491,geranium
492,iris
493,jasmine orchid
494,lily-of-the-valley
495,patchouli
496,sage
497,rose
498,cedar
499,geranium
500,jasmine
501,gardenia
502,rose
503,sandalwood
504,jasmine orchid
505,neroli
506,patchouli
507,honey
508,jasmine orchid
509,vanilla
510,rose
511,patchouli
512,sage
513,coconut
514,freesia
515,jasmine orchid
516,immortelle
517,coffee
518,geranium
519,iris
520,orange blossom
521,rose
522,cashmeran
523,salt
524,jasmine orchid
525,osmanthus
526,rose
527,ylang-ylang
528,amber
529,rum
530,iris
531,jasmine orchid
532,jasmine orchid
533,jasmine orchid
534,leather
535,rose
536,tobacco
537,cedar
538,teak wood
539,lavender
540,lily-of-the-valley
541,peony
542,rose
543,cardamom
544,lavender
545,cedar
546,geranium
547,jasmine orchid
548,leather
549,lavender
550,apple
551,black currant
552,chamomile
553,geranium
554,jasmine orchid
555,plum
556,raspberry
557,rose
558,strawberry
559,violet
560,jasmine orchid
561,peach
562,pear
563,rose
564,violet
565,basil
566,clary sage
567,lavender
568,rosemary
569,heliotrope
570,jasmine orchid
571,rose
572,tuberose
573,violet
574,ylang-ylang
575,apple
576,black currant
577,heliotrope
578,jasmine orchid
579,orange blossom
580,peach
581,rose
582,tuberose
583,violet
584,orange blossom
585,vanilla
586,orange blossom
587,pear
588,praline
589,jasmine orchid
590,osmanthus
591,rose
592,clary sage
593,cypress
594,indian spices
595,floral notes
596,iris
597,cedar
598,vanilla
599,rose
600,rose
601,jasmine
602,sequoia
603,fragonia
604,jasmine orchid
605,jasmine orchid
606,orange
607,cherry blossom
608,clover
609,iris
610,lotus
611,rice
612,galbanum
613,lavender
614,oakmoss
615,violet
616,jasmine orchid
617,lavender
618,tobacco
619,geranium
620,jasmine orchid
621,orange blossom
622,ylang-ylang
623,birch
624,iris
625,labdanum
626,styrax
627,cedar
628,lavender
629,vetiver
630,birch
631,camphor
632,labdanum
633,orris root
634,styrax
635,carnation
636,jasmine orchid
637,lilac
638,lily-of-the-valley
639,rose
640,violet
641,ylang-ylang
642,carnation
643,jasmine orchid
644,lily-of-the-valley
645,narcissus
646,rose
647,cedar
648,guaiac wood
649,jasmine orchid
650,patchouli
651,sandalwood
652,jasmine orchid
653,osmanthus
654,plum
655,rose
656,tuberose
657,ylang-ylang
658,agarwood (oud)
659,geranium
660,patchouli
661,vetiver
662,cedar
663,ginger
664,ginger
665,jasmine orchid
666,pomarose
667,carnation
668,musk
669,oakmoss
670,forest fruits
671,honey
672,lavender
673,pink pepper
674,pink pepper
675,jasmine orchid
676,orange blossom
677,rose
678,geranium
679,iris
680,carnation
681,cedar
682,cyclamen
683,lily-of-the-valley
684,geranium
685,pepper
686,vetiver
687,algae
688,ambergris
689,marian plum
690,hazelnut cocoa spread
691,tonka bean
692,violet
693,jasmine orchid
694,lilac
695,lavender
696,petitgrain
697,rose
698,cypress
699,freesia
700,jasmine orchid
701,orange blossom
702,tuberose
703,ylang-ylang
704,patchouli
705,sandalwood
706,marian plum
707,salt
708,iris
709,jasmine orchid
710,patchouli
711,rose
712,jasmine orchid
713,lavender
714,rose
715,jasmine orchid
716,lavender
717,rose
718,cypress
719,vetiver
720,violet
721,geranium
722,patchouli
723,orange blossom
724,rose
725,cedar
726,violet
727,chocolate flower
728,almond
729,ginger
730,jasmine orchid
731,pepper
732,heliotrope
733,rose
734,nutmeg
735,rose
736,coriander
737,lavender
738,sage
739,osmanthus
740,tobacco
741,basil
742,cardamom
743,lavender
744,birch
745,cloves
746,iris
747,patchouli
748,vetiver
749,iris
750,jasmine orchid
751,patchouli
752,rose
753,hibiscus
754,jasmine orchid
755,ylang-ylang
756,jasmine orchid
757,saffron
758,sage
759,250
760,heliotrope
761,jasmine orchid
762,rose
763,jasmine
764,tonka bean
765,lavender
766,tobacco
767,orchid
768,pittosporum
769,rum
770,tuberose
771,cedar
772,cinnamon
773,cloves
774,myrrh
775,tobacco
776,rose
777,tuberose
778,ylang-ylang
779,acacia
780,cade oil
781,jasmine orchid
782,iris
783,gardenia
784,cypress
785,ivy
786,oakmoss
787,vetiver
788,freesia
789,geranium
790,jasmine orchid
791,nutmeg
792,amberwood
793,geranium
794,white flowers
795,orris root
796,violet leaf
797,gardenia
798,green notes
799,sweet pea
800,white flowers
801,iris
802,rose
803,tuberose
804,jasmine orchid
805,patchouli
806,rose
807,cinnamon
808,cloves
809,marigold
810,rose
811,violet leaf
812,camellia
813,honeysuckle
814,jasmine orchid
815,coriander
816,jasmine orchid
817,pittosporum
818,chamomile
819,hay
820,rose
821,rosemary
822,vanilla
823,ylang-ylang
824,cedar
825,sandalwood
826,iris
827,jasmine orchid
828,labdanum
829,rose
830,ylang-ylang
831,carnation
832,myrtle
833,neroli
834,petitgrain
835,rose
836,rosemary
837,geranium
838,petalia
839,rose
840,jasmine orchid
841,patchouli
842,rose
843,sandalwood
844,cinnamon
845,heliotrope
846,maple syrup
847,orchid
848,lavender
849,neroli
850,petitgrain
851,sage
852,agarwood (oud)
853,250
854,plum
855,cedar
856,geranium
857,violet leaf
858,neroli
859,orange blossom
860,jasmine
861,leather
862,licorice
863,iris
864,rose
865,jasmine
866,jasmine orchid
867,lavender
868,orange blossom
869,pepper
870,cardamom
871,civet
872,gardenia
873,geranium
874,rose
875,indian spices
876,olibanum (frankincense)
877,orris root
878,ylang-ylang
879,akigalawood
880,nutmeg
881,patchouli
882,pepper
883,pepper
884,iris
885,jasmine orchid
886,rose
887,clary sage
888,hay
889,liatris
890,lily-of-the-valley
891,vetiver
892,black currant
893,rose
894,calamus
895,cypress
896,olibanum (frankincense)
897,amber
898,250
899,jasmine
900,jasmine orchid
901,myrrh
902,orris root
903,rose
904,sandalwood
905,tobacco
906,geranium
907,rosemary
908,sage
909,rose
910,ylang-ylang
911,rose
912,tulip
913,narcissus
914,pepper
915,aquozone
916,cedar
917,salt
918,cardamom
919,coriander
920,jasmine orchid
921,orange blossom
922,jasmine orchid
923,jasmine orchid
924,jasmine orchid
925,rose
926,amber
927,cedar
928,cinnamon
929,jasmine
930,jasmine orchid
931,myrrh
932,orange blossom
933,dried fruits
934,tuberose
935,carnation
936,fragonia
937,gardenia
938,geranium
939,orange blossom
940,rose
941,violet
942,ylang-ylang
943,myrtle
944,jasmine orchid
945,mate
946,rhubarb
947,caramel
948,floral notes
949,peach
950,cedar
951,jasmine orchid
952,patchouli
953,tobacco
954,tea
955,rose
956,rose
957,birch
958,cedar
959,lavender
960,nutmeg
961,jasmine orchid
962,peach
963,petalia
964,rose
965,freesia
966,salt
967,violet
968,jasmine orchid
969,peach
970,pear
971,rose
972,cedar
973,violet
974,patchouli
975,sandalwood
976,vanilla
977,vetiver
978,cedar
979,lily
980,rose
981,jasmine orchid
982,rose
983,ginger
984,jasmine orchid
985,jasmine orchid
986,lily
987,rose
988,violet
989,heliotrope
990,neroli
991,orange blossom
992,osmanthus
993,birch
994,carnation
995,orris root
996,tarragon
997,tobacco
998,amber
999,birch
1000,jasmine orchid
1001,lilac
1002,patchouli
1003,rose
1004,ylang-ylang
1005,jasmine orchid
1006,lily
1007,rose
1008,ylang-ylang
1009,geranium
1010,heliotrope
1011,jasmine orchid
1012,ylang-ylang
1013,orange blossom
1014,orris root
1015,rose
1016,violet
1017,carnation
1018,iris
1019,lilac
1020,rose
1021,cedar
1022,iris
1023,pepper
1024,cedar
1025,patchouli
1026,pear
1027,peony
1028,plum
1029,cedar
1030,patchouli
1031,heliotrope
1032,iris
1033,jasmine orchid
1034,lily-of-the-valley
1035,mimosa
1036,rose
1037,rose
1038,jasmine orchid
1039,neroli
1040,peony
1041,jasmine orchid
1042,clary sage
1043,mate
1044,jasmine orchid
1045,orange blossom
1046,rose
1047,ylang-ylang
1048,basil
1049,cinnamon
1050,cloves
1051,labdanum
1052,honeysuckle
1053,floral notes
1054,green tea flower
1055,violet leaf
1056,jasmine orchid
1057,carnation
1058,honeysuckle
1059,iris
1060,jasmine orchid
1061,rose
1062,tuberose
1063,caramel
1064,rose
1065,jasmine orchid
1066,violet
1067,cardamom
1068,orange blossom
1069,saffron
1070,olibanum (frankincense)
1071,rose
1072,lily-of-the-valley
1073,raspberry
1074,freesia
1075,patchouli
1076,nutmeg
1077,rose
1078,water pepper
1079,praline
1080,aquozone
1081,sesame
1082,amber
1083,coffee
1084,iris
1085,cyclamen
1086,hyacinth
1087,jasmine orchid
1088,lilac
1089,lily-of-the-valley
1090,rose
1091,iris
1092,jasmine orchid
1093,ylang-ylang
1094,lavender
1095,sage
1096,jasmine orchid
1097,rose
1098,jasmine orchid
1099,patchouli
1100,tobacco
1101,mimosa
1102,styrax
1103,jasmine orchid
1104,rose
1105,juniper
1106,pepper
1107,rose
1108,rosemary
1109,green tea flower
1110,heliotrope
1111,nutmeg
1112,rose
1113,thyme
1114,ylang-ylang
1115,patchouli
1116,rose
1117,sandalwood
1118,cloves
1119,jasmine orchid
1120,neroli
1121,nutmeg
1122,rose
1123,cyclamen
1124,eucalyptus
1125,iris
1126,mate
1127,rose
1128,cypress
1129,petitgrain
1130,honey
1131,jasmine orchid
1132,tuberose
1133,jasmine orchid
1134,pepper
1135,cinnamon
1136,papyrus
1137,tobacco
1138,chocolate flower
1139,cloves
1140,jasmine orchid
1141,rose
1142,saffron
1143,jasmine orchid
1144,neroli
1145,violet
1146,cedar
1147,cypriol oil or nagarmotha
1148,jasmine
1149,labdanum
1150,rose
1151,cedar
1152,driftwood
1153,orris root
1154,rose
1155,violet
1156,aldehydes
1157,licorice
1158,bitter orange
1159,neroli
1160,coffee
1161,hazelnut cocoa spread
1162,honey
1163,jasmine orchid
1164,rose
1165,tobacco
1166,carnation
1167,jasmine orchid
1168,rose
1169,violet leaf
1170,clary sage
1171,honey
1172,hyacinth
1173,jasmine orchid
1174,lily-of-the-valley
1175,rose
1176,tobacco
1177,violet leaf
1178,chocolate flower
1179,opoponax
1180,osmanthus
1181,cypriol oil or nagarmotha
1182,patchouli
1183,bergamot
1184,birch
1185,jasmine orchid
1186,pineapple
1187,rose
1188,artemisia
1189,cypriol oil or nagarmotha
1190,jasmine orchid
1191,lavender
1192,lily-of-the-valley
1193,rose
1194,thyme
1195,cedar
1196,jasmine
1197,patchouli
1198,teak wood
1199,lily-of-the-valley
1200,lotus
1201,rose
1202,hazelnut cocoa spread
1203,labdanum
1204,tobacco
1205,tonka bean
1206,bergamot
1207,cedar
1208,lemon
1209,lime
1210,tobacco
1211,iris
1212,jasmine orchid
1213,lily-of-the-valley
1214,rose
1215,ylang-ylang
1216,iris
1217,jasmine orchid
1218,narcissus
1219,clary sage
1220,salt
1221,jasmine orchid
1222,rose
1223,iris
1224,red berries
1225,rose
1226,violet
1227,honey
1228,jasmine orchid
1229,sage
1230,mimosa
1231,narcissus
1232,violet
1233,ylang-ylang
1234,neroli
1235,orange blossom
1236,jasmine
1237,250
1238,dark chocolate
1239,jasmine
1240,green notes
1241,magnolia
1242,geranium
1243,lavender
1244,rosemary
1245,honey
1246,lavender
1247,tonka bean
1248,indian spices
1249,olibanum (frankincense)
1250,freesia
1251,patchouli
1252,vetiver
1253,eucalyptus
1254,vetiver
1255,cypress
1256,galbanum
1257,juniper
1258,fern
1259,pepper
1260,musk
1261,rose
1262,agarwood (oud)
1263,patchouli
1264,jasmine orchid
1265,orange blossom
1266,patchouli
1267,jasmine orchid
1268,patchouli
1269,rose
1270,violet
1271,cedar
1272,patchouli
1273,rose
1274,iris
1275,jasmine
1276,violet
1277,agarwood (oud)
1278,plum
1279,honeysuckle
1280,jasmine orchid
1281,tuberose
1282,coconut
1283,praline
1284,vanilla
1285,iris
1286,plum
1287,rose
1288,violet
1289,jasmine orchid
1290,violet leaf
1291,iris
1292,mint
1293,guaiac wood
1294,iris
1295,myrrh
1296,carnation
1297,jasmine
1298,jasmine orchid
1299,lilac
1300,rose
1301,ylang-ylang
1302,apple
1303,cyclamen
1304,jasmine orchid
1305,rose
1306,ylang-ylang
1307,vanilla
1308,jasmine orchid
1309,lily-of-the-valley
1310,iris
1311,jasmine orchid
1312,chocolate flower
1313,heliotrope
1314,patchouli
1315,strawberry
1316,carnation
1317,rose
1318,clary sage
1319,heliotrope
1320,rose
1321,tobacco
1322,iris
1323,jasmine orchid
1324,lily-of-the-valley
1325,rose
1326,jasmine orchid
1327,tuberose
1328,geranium
1329,jasmine orchid
1330,lavender
1331,ylang-ylang
1332,smoke
1333,tobacco
1334,vanilla
1335,cardamom
1336,cinnamon
1337,cypress
1338,lavender
1339,tokaji wine
1340,clary sage
1341,rose
1342,rosemary
1343,basil
1344,galbanum
1345,honey
1346,jasmine orchid
1347,orange
1348,osmanthus
1349,ginger
1350,pink pepper
1351,cinnamon
1352,lavender
1353,pink pepper
1354,pink pepper
1355,iris
1356,hyacinth
1357,orris root
1358,rose
1359,galbanum
1360,jasmine orchid
1361,jasmine orchid
1362,osmanthus
1363,rose
1364,jasmine
1365,leather
1366,agarwood (oud)
1367,styrax
1368,jasmine
1369,myrrh
1370,geranium
1371,pepper
1372,vetiver
1373,cinnamon
1374,heliotrope
1375,labdanum
1376,marian plum
1377,fragonia
1378,ginger
1379,milk
1380,pink pepper
1381,rose
1382,green notes
1383,grapefruit
1384,rose
1385,jasmine orchid
1386,patchouli
1387,rose
1388,white chocolate
1389,vanilla
1390,patchouli
1391,rose
1392,jasmine orchid
1393,rose
1394,sandalwood
1395,jasmine orchid
1396,caraway
1397,geranium
1398,jasmine
1399,seaweed
1400,geranium
1401,jasmine
1402,orris root
1403,cedar
1404,jasmine orchid
1405,lotus
1406,lily-of-the-valley
1407,violet
1408,orchid
1409,sandalwood
1410,tuberose
1411,jasmine orchid
1412,lily-of-the-valley
1413,orris root
1414,rose
1415,rose
1416,rose
1417,coffee
1418,iris
1419,orange blossom
1420,lily
1421,tuberose
1422,iris
1423,violet
1424,orange blossom
1425,rose
1426,rose
1427,fig
1428,jasmine orchid
1429,cashmeran
1430,orange
1431,tuberose
1432,white flowers
1433,coriander
1434,fig leaf
1435,magnolia
1436,mango
1437,neroli
1438,orange blossom
1439,osmanthus
1440,rose
1441,tuberose
1442,tulip
1443,violet leaf
1444,ylang-ylang
1445,orange blossom
1446,rose
1447,tobacco
1448,ylang-ylang
1449,jasmine orchid
1450,rose
1451,jasmine orchid
1452,neroli
1453,orange blossom
1454,jasmine
1455,saffron
1456,jasmine orchid
1457,amber
1458,coffee
1459,jasmine
1460,rose
1461,amber
1462,coffee
1463,jasmine
1464,rose
1465,lily-of-the-valley
1466,olibanum (frankincense)
1467,plum
1468,rose
1469,camphor
1470,cedar
1471,champaca
1472,cloves
1473,jasmine orchid
1474,myrrh
1475,geranium
1476,heliotrope
1477,jasmine orchid
1478,orange blossom
1479,peach
1480,plum
1481,rose
1482,tuberose
1483,violet
1484,ylang-ylang
1485,sandalwood
1486,honeysuckle
1487,apple
1488,black currant
1489,green notes
1490,jasmine orchid
1491,rose
1492,fig
1493,immortelle
1494,iris
1495,floral notes
1496,iris
1497,lavender
1498,fern
1499,jasmine orchid
1500,olibanum (frankincense)
1501,patchouli
1502,rose
1503,violet
1504,cinnamon
1505,lavender
1506,sage
1507,toffee
1508,geranium
1509,green notes
1510,juniper
1511,seaweed
1512,cinnamon
1513,cloves
1514,peach
1515,rose
1516,ylang-ylang
1517,cloves
1518,iris
1519,jasmine orchid
1520,peach
1521,rose
1522,iris
1523,patchouli
1524,geranium
1525,dark chocolate
1526,patchouli
1527,red fruits
1528,rose
1529,rose
1530,patchouli
1531,rose
1532,violet
1533,ambergris
1534,jasmine orchid
1535,rose
1536,violet
1537,geranium
1538,lavender
1539,lily-of-the-valley
1540,rose
1541,saffron
1542,cinnamon
1543,cypriol oil or nagarmotha
1544,ginger
1545,iris
1546,jasmine
1547,pepper
1548,jasmine orchid
1549,mate
1550,patchouli
1551,strawberry leaf
1552,tobacco
1553,vetiver
1554,jasmine orchid
1555,rose
1556,cedar
1557,geranium
1558,jasmine orchid
1559,orris root
1560,rose
1561,sandalwood
1562,violet
1563,jasmine orchid
1564,lily-of-the-valley
1565,rose
1566,jasmine orchid
1567,lavender
1568,mint
1569,rose
1570,tuberose
1571,geranium
1572,jasmine orchid
1573,rose
1574,violet
1575,ylang-ylang
1576,carnation
1577,galbanum
1578,jasmine orchid
1579,narcissus
1580,rose
1581,violet
1582,jasmine orchid
1583,lavender
1584,suede
1585,jasmine orchid
1586,rose
1587,apple blossom
1588,pink pepper
1589,jasmine orchid
1590,orange blossom
1591,coriander
1592,rose
1593,rose
1594,iris
1595,tuberose
1596,rhubarb
1597,saffron
1598,driftwood
1599,violet leaf
1600,geranium
1601,jasmine
1602,lemon
1603,orange blossom
1604,lily-of-the-valley
1605,peony
1606,rose
1607,rose
1608,heliotrope
1609,iris
1610,rosemary
1611,iris
1612,mint
1613,petitgrain
1614,orange blossom
1615,peony
1616,rose
1617,caramel
1618,chocolate flower
1619,fig leaf
1620,marian plum
1621,violet
1622,rose
1623,aldehydes
1624,bay leaf
1625,green tea flower
1626,guava
1627,freesia
1628,peony
1629,cloves
1630,coriander
1631,jasmine orchid
1632,lotus
1633,peony
1634,pepper
1635,rose
1636,cedar
1637,apple
1638,melon
1639,sage
1640,cypress
1641,geranium
1642,lemon
1643,pink pepper
1644,pink pepper
1645,freesia
1646,jasmine orchid
1647,orange blossom
1648,rose
1649,coconut
1650,freesia
1651,cherry blossom
1652,nashi pear
1653,rose
1654,lavender
1655,nutmeg
1656,patchouli
1657,jasmine orchid
1658,geranium
1659,floral notes
1660,iris
1661,jasmine orchid
1662,narcissus
1663,orris root
1664,rose
1665,violet
1666,blueberry
1667,cedar
1668,cinnamon
1669,jasmine orchid
1670,coriander
1671,violet
1672,cedar
1673,jasmine orchid
1674,sandalwood
1675,cedar
1676,tolu balsam
1677,ylang-ylang
1678,cyclamen
1679,freesia
1680,pepper
1681,rose
1682,jasmine orchid
1683,rose
1684,violet leaf
1685,ginger
1686,jasmine orchid
1687,neroli
1688,jasmine orchid
1689,lily-of-the-valley
1690,plum
1691,rose
1692,cardamom
1693,lavender
1694,marian plum
1695,clary sage
1696,hyssop
1697,labdanum
1698,orchid
1699,vanilla
1700,tobacco
1701,tuberose
1702,vetiver
1703,jasmine orchid
1704,neroli
1705,ginger
1706,geranium
1707,artemisia
1708,geranium
1709,ginger
1710,lavender
1711,sage
1712,jasmine orchid
1713,rose
1714,violet
1715,lavender
1716,pineapple
1717,rose
1718,saffron
1719,ambergris
1720,bergamot
1721,juniper
1722,patchouli
1723,cedar
1724,sage
1725,cedar
1726,cumin
1727,driftwood
1728,hay
1729,patchouli
1730,styrax
1731,tobacco
1732,jasmine orchid
1733,tuberose
1734,rose
1735,white flowers
1736,amber
1737,jasmine orchid
1738,rose
1739,heliotrope
1740,lily-of-the-valley
1741,almond
1742,gardenia
1743,peach
1744,iris
1745,jasmine orchid
1746,rose
1747,geranium
1748,heliotrope
1749,orange blossom
1750,gardenia
1751,jasmine orchid
1752,cinnamon
1753,jasmine orchid
1754,cardamom
1755,lily-of-the-valley
1756,whiskey
1757,lavender
1758,orange blossom
1759,rose
1760,vetiver
1761,geranium
1762,labdanum
1763,patchouli
1764,tonka bean
1765,clary sage
1766,geranium
1767,ginger
1768,jasmine orchid
1769,pepper
1770,jasmine orchid
1771,lavender
1772,orange blossom
1773,orange blossom
1774,opoponax
1775,salt
1776,cinnamon
1777,nutmeg
1778,jasmine orchid
1779,neroli
1780,rose
1781,iris
1782,jasmine orchid
1783,patchouli
1784,rose
1785,iris
1786,jasmine orchid
1787,leather
1788,patchouli
1789,rose
1790,agarwood (oud)
1791,rose
1792,orris root
1793,taif rose
1794,champaca
1795,galbanum
1796,jasmine orchid
1797,jasmine orchid
1798,lily-of-the-valley
1799,violet
1800,geranium
1801,heliotrope
1802,jasmine orchid
1803,neroli
1804,rose
1805,jasmine orchid
1806,lily-of-the-valley
1807,rose
1808,violet
1809,jasmine orchid
1810,rose
1811,cypress
1812,petitgrain
1813,saffron
1814,tobacco
1815,basil
1816,geranium
1817,juniper berries
1818,cherry blossom
1819,praline
1820,cedar
1821,jasmine
1822,myrrh
1823,tobacco
1824,pepper
