pk,model,fields
1,perfumes.note,"{'name': 'absinthe', 'kor_name': '압생트'}"
2,perfumes.note,"{'name': 'acacia', 'kor_name': '아카시아'}"
3,perfumes.note,"{'name': 'acai berry', 'kor_name': '아사이베리'}"
4,perfumes.note,"{'name': 'acerola', 'kor_name': '아세로라'}"
5,perfumes.note,"{'name': 'acerola blossom', 'kor_name': '아세로라 블라썸'}"
6,perfumes.note,"{'name': 'acetyl furan', 'kor_name': '아세틸 푸란'}"
7,perfumes.note,"{'name': 'agarwood (oud)', 'kor_name': '아갈우드'}"
8,perfumes.note,"{'name': 'agave', 'kor_name': '아게이브'}"
9,perfumes.note,"{'name': 'agave nectar', 'kor_name': '아게이브 넥타르'}"
10,perfumes.note,"{'name': 'aglaia', 'kor_name': '아글라이아'}"
11,perfumes.note,"{'name': 'akigalawood', 'kor_name': '아키갈라우드'}"
12,perfumes.note,"{'name': 'aldehydes', 'kor_name': '알데하이드'}"
13,perfumes.note,"{'name': 'alder', 'kor_name': '알더'}"
14,perfumes.note,"{'name': 'algae', 'kor_name': '알게'}"
15,perfumes.note,"{'name': 'allspice', 'kor_name': '올스파이스'}"
16,perfumes.note,"{'name': 'almond', 'kor_name': '아몬드'}"
17,perfumes.note,"{'name': 'almond blossom', 'kor_name': '아몬드 블라썸'}"
18,perfumes.note,"{'name': 'almond tree', 'kor_name': '아몬드 트리'}"
19,perfumes.note,"{'name': 'aloe vera', 'kor_name': '알로에 베라'}"
20,perfumes.note,"{'name': 'aluminum', 'kor_name': '알루미늄'}"
21,perfumes.note,"{'name': 'alumroot', 'kor_name': '앨럼루트'}"
22,perfumes.note,"{'name': 'alyssum', 'kor_name': '알리섬'}"
23,perfumes.note,"{'name': 'amaranth', 'kor_name': '아마란스'}"
24,perfumes.note,"{'name': 'amaretto', 'kor_name': '아마레토'}"
25,perfumes.note,"{'name': 'amarillys', 'kor_name': '아마릴리스'}"
26,perfumes.note,"{'name': 'amber', 'kor_name': '엠버'}"
27,perfumes.note,"{'name': 'amber xtreme', 'kor_name': '엠버 엑스트림'}"
28,perfumes.note,"{'name': 'ambergris', 'kor_name': '엠버그리스'}"
29,perfumes.note,"{'name': 'ambertonic (iff)', 'kor_name': '엠버토닉'}"
30,perfumes.note,"{'name': 'amberwood', 'kor_name': '엠버우드'}"
31,perfumes.note,"{'name': 'ambrarome', 'kor_name': '엠브러로움'}"
32,perfumes.note,"{'name': 'ambretone', 'kor_name': '엠브레톤'}"
33,perfumes.note,"{'name': 'ambrette (musk mallow)', 'kor_name': '엠브레트'}"
34,perfumes.note,"{'name': 'ambrettolide', 'kor_name': '앰브레톨라이드'}"
35,perfumes.note,"{'name': 'ambrocenide (symrise)', 'kor_name': '앰브로케니드'}"
36,perfumes.note,"{'name': 'ambroxan', 'kor_name': '앰브락산'}"
37,perfumes.note,"{'name': 'ammophila (beach grass)', 'kor_name': '애모필러'}"
38,perfumes.note,"{'name': 'amyl salicylate', 'kor_name': '애밀 샐슬럿'}"
39,perfumes.note,"{'name': 'amyris', 'kor_name': '애미리스'}"
40,perfumes.note,"{'name': 'anemone', 'kor_name': '아네모네'}"
41,perfumes.note,"{'name': ""angel's trumpet"", 'kor_name': '앤젤스트럼펫'}"
42,perfumes.note,"{'name': 'angelica', 'kor_name': '안젤리카'}"
43,perfumes.note,"{'name': 'animal notes', 'kor_name': '에니멀 노츠'}"
44,perfumes.note,"{'name': 'anise', 'kor_name': '애너스'}"
45,perfumes.note,"{'name': 'apple', 'kor_name': '애플'}"
46,perfumes.note,"{'name': 'apple blossom', 'kor_name': '애플 플라썸'}"
47,perfumes.note,"{'name': 'apple juice', 'kor_name': '애플 주스'}"
48,perfumes.note,"{'name': 'apple mint', 'kor_name': '애플 민트'}"
49,perfumes.note,"{'name': 'apple pulp', 'kor_name': '애플 펄프'}"
50,perfumes.note,"{'name': 'apple tree', 'kor_name': '애플 트리'}"
51,perfumes.note,"{'name': 'apricot', 'kor_name': '애프리콧'}"
52,perfumes.note,"{'name': 'apricot blossom', 'kor_name': '애프리콧 플라썸'}"
53,perfumes.note,"{'name': 'aquozone', 'kor_name': '아쿠오존'}"
54,perfumes.note,"{'name': 'araucaria', 'kor_name': '아라우카리아'}"
55,perfumes.note,"{'name': 'arbutus (madrona, bearberry tree)', 'kor_name': '알버투스 (마드로나, 베어베리 트리)'}"
56,perfumes.note,"{'name': 'arctic bramble', 'kor_name': '아틱 브렘블'}"
57,perfumes.note,"{'name': 'argan', 'kor_name': '아르간'}"
58,perfumes.note,"{'name': 'argan tree', 'kor_name': '아르간 트리'}"
59,perfumes.note,"{'name': 'arnica', 'kor_name': '아르니카'}"
60,perfumes.note,"{'name': 'artemisia', 'kor_name': '아르테미시아'}"
61,perfumes.note,"{'name': 'arum lily', 'kor_name': '아룸 릴리'}"
62,perfumes.note,"{'name': 'asafoetida', 'kor_name': '아사포에티다'}"
63,perfumes.note,"{'name': 'ash', 'kor_name': '에쉬'}"
64,perfumes.note,"{'name': 'ashoka flower', 'kor_name': '에쇼카 플라워'}"
65,perfumes.note,"{'name': 'asparagus', 'kor_name': '아스파라거스'}"
66,perfumes.note,"{'name': 'aspen', 'kor_name': '아스펜'}"
67,perfumes.note,"{'name': 'asphalt', 'kor_name': '애스폴트'}"
68,perfumes.note,"{'name': 'aspic', 'kor_name': '애스픽'}"
69,perfumes.note,"{'name': 'avocado', 'kor_name': '아보카도'}"
70,perfumes.note,"{'name': 'azolla (water fern)', 'kor_name': '아졸라 (워터 펀)'}"
71,perfumes.note,"{'name': 'bacon', 'kor_name': '베이컨'}"
72,perfumes.note,"{'name': 'baileys irish cream', 'kor_name': '베일리즈 아이리시 크림'}"
73,perfumes.note,"{'name': 'balsamic vinegar', 'kor_name': '발사믹 식초'}"
74,perfumes.note,"{'name': 'bamboo', 'kor_name': '대나무'}"
75,perfumes.note,"{'name': 'banana', 'kor_name': '바나나'}"
76,perfumes.note,"{'name': 'banana flower', 'kor_name': '바나나 플라워'}"
77,perfumes.note,"{'name': 'banana leaf', 'kor_name': '바나나 리프'}"
78,perfumes.note,"{'name': 'baobab', 'kor_name': '바오밥'}"
79,perfumes.note,"{'name': 'barberry', 'kor_name': '바베리'}"
80,perfumes.note,"{'name': 'bark', 'kor_name': '바크'}"
81,perfumes.note,"{'name': 'barley', 'kor_name': '발리'}"
82,perfumes.note,"{'name': 'basil', 'kor_name': '바질'}"
83,perfumes.note,"{'name': 'bay essence', 'kor_name': '베이 에센스'}"
84,perfumes.note,"{'name': 'bay leaf', 'kor_name': '베이 리프'}"
85,perfumes.note,"{'name': 'bbq', 'kor_name': '바베큐'}"
86,perfumes.note,"{'name': 'bearberry', 'kor_name': '베어베리'}"
87,perfumes.note,"{'name': 'beech', 'kor_name': '비치'}"
88,perfumes.note,"{'name': 'beerale', 'kor_name': '비어에일'}"
89,perfumes.note,"{'name': 'beeswax', 'kor_name': '비즈왁스'}"
90,perfumes.note,"{'name': 'beetroot', 'kor_name': '비트루트'}"
91,perfumes.note,"{'name': 'belambra tree', 'kor_name': '벨람브라 트리'}"
92,perfumes.note,"{'name': 'belladona', 'kor_name': '벨라도나'}"
93,perfumes.note,"{'name': 'bellflower', 'kor_name': '벨플라워'}"
94,perfumes.note,"{'name': 'bellini', 'kor_name': '벨리니'}"
95,perfumes.note,"{'name': 'benzoin', 'kor_name': '벤조인'}"
96,perfumes.note,"{'name': 'bergamot', 'kor_name': '베르가못'}"
97,perfumes.note,"{'name': 'bergamot blossom', 'kor_name': '베르가못 블라썸'}"
98,perfumes.note,"{'name': 'birch', 'kor_name': '버치'}"
99,perfumes.note,"{'name': 'birch tar', 'kor_name': '버치 타르'}"
100,perfumes.note,"{'name': 'biscuit', 'kor_name': '비스킷'}"
101,perfumes.note,"{'name': 'bitter orange', 'kor_name': '비터 오렌지'}"
102,perfumes.note,"{'name': 'black currant', 'kor_name': '블랙 커렌트'}"
103,perfumes.note,"{'name': 'black currant blossom', 'kor_name': '블랙 커렌트 블라썸'}"
104,perfumes.note,"{'name': 'black currant leaf', 'kor_name': '블랙 커렌트 리프'}"
105,perfumes.note,"{'name': 'black hemlock or tsuga', 'kor_name': '블랙 헤믈락 (수가)'}"
106,perfumes.note,"{'name': 'black locust', 'kor_name': '블랙 록커스트'}"
107,perfumes.note,"{'name': 'black spruce', 'kor_name': '블랙 스프루스'}"
108,perfumes.note,"{'name': 'blackberry', 'kor_name': '블랙베리'}"
109,perfumes.note,"{'name': 'blackberry blossom', 'kor_name': '블랙베리 블라썸'}"
110,perfumes.note,"{'name': 'blackberry leaf', 'kor_name': '블랙베리 리프'}"
111,perfumes.note,"{'name': 'blackthorn', 'kor_name': '블랙토른'}"
112,perfumes.note,"{'name': 'blackwood', 'kor_name': '블랙우드'}"
113,perfumes.note,"{'name': 'blood', 'kor_name': '블러드'}"
114,perfumes.note,"{'name': 'blood orange', 'kor_name': '블러드 오렌지'}"
115,perfumes.note,"{'name': 'blue lilies', 'kor_name': '블루 릴리즈'}"
116,perfumes.note,"{'name': 'blue margarita', 'kor_name': '블루 마르가리타'}"
117,perfumes.note,"{'name': 'blue poppy', 'kor_name': '블루 포피'}"
118,perfumes.note,"{'name': 'blueberry', 'kor_name': '블루베리'}"
119,perfumes.note,"{'name': 'boisiris', 'kor_name': '보이사이러스'}"
120,perfumes.note,"{'name': 'borage', 'kor_name': '보어러지'}"
121,perfumes.note,"{'name': 'borneol', 'kor_name': '보어네올'}"
122,perfumes.note,"{'name': 'boronia', 'kor_name': '볼로니아'}"
123,perfumes.note,"{'name': 'bougainvillea', 'kor_name': '부게인빌리어'}"
124,perfumes.note,"{'name': 'bourbon whiskey', 'kor_name': '버본 위스키'}"
125,perfumes.note,"{'name': 'boysenberry', 'kor_name': '보이센베리'}"
126,perfumes.note,"{'name': 'bran', 'kor_name': '브란'}"
127,perfumes.note,"{'name': 'brazil nut', 'kor_name': '브라질 넛'}"
128,perfumes.note,"{'name': 'brazilian rosewood', 'kor_name': '브라질리안 로즈우드'}"
129,perfumes.note,"{'name': 'bread', 'kor_name': '브레드'}"
130,perfumes.note,"{'name': 'bread flower', 'kor_name': '브레드 플라워'}"
131,perfumes.note,"{'name': 'breu-branco', 'kor_name': '브루-브란코'}"
132,perfumes.note,"{'name': 'brick', 'kor_name': '브릭'}"
133,perfumes.note,"{'name': 'brioche', 'kor_name': '브리오슈'}"
134,perfumes.note,"{'name': 'bromelia', 'kor_name': '브로멜리아'}"
135,perfumes.note,"{'name': 'brown scotch tape', 'kor_name': '브라운 스카치 테이프'}"
136,perfumes.note,"{'name': 'brown sugar', 'kor_name': '브라운 슈거'}"
137,perfumes.note,"{'name': 'bubble gum', 'kor_name': '버블 검'}"
138,perfumes.note,"{'name': 'buchu or agathosma', 'kor_name': '바쿠 (아게토스마)'}"
139,perfumes.note,"{'name': 'buddha wood', 'kor_name': '부다 우드'}"
140,perfumes.note,"{'name': 'buddleia', 'kor_name': '바덜리아'}"
141,perfumes.note,"{'name': 'bulrush', 'kor_name': '불러쉬'}"
142,perfumes.note,"{'name': 'burdock', 'kor_name': '버덕'}"
143,perfumes.note,"{'name': 'burnt match', 'kor_name': '번트 메치'}"
144,perfumes.note,"{'name': 'bushman candle', 'kor_name': '부시맨 캔들'}"
145,perfumes.note,"{'name': 'butomus umbellatus', 'kor_name': '부토머스 엄벨라터스'}"
146,perfumes.note,"{'name': 'butter', 'kor_name': '버터'}"
147,perfumes.note,"{'name': 'buttercup', 'kor_name': '버터컵'}"
148,perfumes.note,"{'name': 'butterscotch', 'kor_name': '버터스카치'}"
149,perfumes.note,"{'name': 'buxus', 'kor_name': '벅서스'}"
150,perfumes.note,"{'name': 'cabreuva', 'kor_name': '카브루버'}"
151,perfumes.note,"{'name': 'cacao pod', 'kor_name': '카카오 팟'}"
152,perfumes.note,"{'name': 'cactus', 'kor_name': '켓터스'}"
153,perfumes.note,"{'name': 'cade oil', 'kor_name': '케이드 오일'}"
154,perfumes.note,"{'name': 'caipirinha', 'kor_name': '카이피리냐'}"
155,perfumes.note,"{'name': 'calamansi', 'kor_name': '깔라만시'}"
156,perfumes.note,"{'name': 'calamus', 'kor_name': '칼라머스'}"
157,perfumes.note,"{'name': 'calone', 'kor_name': '칼로우니'}"
158,perfumes.note,"{'name': 'calycanthus', 'kor_name': '캘리칸더스'}"
159,perfumes.note,"{'name': 'calypsone', 'kor_name': '칼립손'}"
160,perfumes.note,"{'name': 'cambodian oud', 'kor_name': '캄보디안 오드'}"
161,perfumes.note,"{'name': 'camellia', 'kor_name': '카멜리아'}"
162,perfumes.note,"{'name': 'campari', 'kor_name': '캠파리'}"
163,perfumes.note,"{'name': 'camphor', 'kor_name': '캠퍼'}"
164,perfumes.note,"{'name': 'canadian balsam', 'kor_name': '캐네디안 발쌈'}"
165,perfumes.note,"{'name': 'candied fruits', 'kor_name': '캔디드 프루츠'}"
166,perfumes.note,"{'name': 'candied ginger', 'kor_name': '캔디드 진저'}"
167,perfumes.note,"{'name': 'candied orange', 'kor_name': '캔디드 오렌지'}"
168,perfumes.note,"{'name': 'candies', 'kor_name': '캔디스'}"
169,perfumes.note,"{'name': 'canele', 'kor_name': '케널'}"
170,perfumes.note,"{'name': 'cannabis', 'kor_name': '캐너비스'}"
171,perfumes.note,"{'name': 'cannonball flower', 'kor_name': '캐논벨 플라워'}"
172,perfumes.note,"{'name': 'caoutchouc', 'kor_name': '케이우추시'}"
173,perfumes.note,"{'name': 'cappuccino', 'kor_name': '카푸치노'}"
174,perfumes.note,"{'name': 'carambola (star fruit)', 'kor_name': '카람볼라 (스타 프루츠)'}"
175,perfumes.note,"{'name': 'carambola blossom', 'kor_name': '카람볼라 블라썸'}"
176,perfumes.note,"{'name': 'caramel', 'kor_name': '카라멜'}"
177,perfumes.note,"{'name': 'caraway', 'kor_name': '카라웨이'}"
178,perfumes.note,"{'name': 'cardamom', 'kor_name': '카르다맘'}"
179,perfumes.note,"{'name': 'carissa', 'kor_name': '카리사'}"
180,perfumes.note,"{'name': 'carnation', 'kor_name': '카네이션'}"
181,perfumes.note,"{'name': 'carnation leaves', 'kor_name': '카네이션 리브스'}"
182,perfumes.note,"{'name': 'carob tree', 'kor_name': '캐롭 트리'}"
183,perfumes.note,"{'name': 'carrot', 'kor_name': '캐롯'}"
184,perfumes.note,"{'name': 'carrot seeds', 'kor_name': '캐롯 시드'}"
185,perfumes.note,"{'name': 'cascalone', 'kor_name': '케스칼로네'}"
186,perfumes.note,"{'name': 'cashew', 'kor_name': '케슈'}"
187,perfumes.note,"{'name': 'cashmeran', 'kor_name': '캐즈미런'}"
188,perfumes.note,"{'name': 'cashmir wood', 'kor_name': '캐시미어 우드'}"
189,perfumes.note,"{'name': 'cassia', 'kor_name': '카시아'}"
190,perfumes.note,"{'name': 'cassowary fruit', 'kor_name': '캐소워리 프루츠'}"
191,perfumes.note,"{'name': 'castoreum', 'kor_name': '케스토리움'}"
192,perfumes.note,"{'name': 'caviar', 'kor_name': '캐비어'}"
193,perfumes.note,"{'name': 'cedar', 'kor_name': '시더'}"
194,perfumes.note,"{'name': 'celery', 'kor_name': '셀러리'}"
195,perfumes.note,"{'name': 'celery seeds', 'kor_name': '셀러리 시즈'}"
196,perfumes.note,"{'name': 'celosia', 'kor_name': '셀로시아'}"
197,perfumes.note,"{'name': 'centella asiatica', 'kor_name': '센텔라 아시아티카'}"
198,perfumes.note,"{'name': 'cepes', 'kor_name': '세페이즈'}"
199,perfumes.note,"{'name': 'cetalox', 'kor_name': '세타록스'}"
200,perfumes.note,"{'name': 'chalood bark', 'kor_name': '칼루드 바크'}"
201,perfumes.note,"{'name': 'chamomile', 'kor_name': '카모마일'}"
202,perfumes.note,"{'name': 'champaca', 'kor_name': '샴파카'}"
203,perfumes.note,"{'name': 'champagne', 'kor_name': '샴페인'}"
204,perfumes.note,"{'name': 'chayote', 'kor_name': '체이엇'}"
205,perfumes.note,"{'name': 'cheese', 'kor_name': '치즈'}"
206,perfumes.note,"{'name': 'cherimoya', 'kor_name': '체리모어'}"
207,perfumes.note,"{'name': 'cherry', 'kor_name': '체리'}"
208,perfumes.note,"{'name': 'cherry blossom', 'kor_name': '체리 블라썸'}"
209,perfumes.note,"{'name': 'chestnut', 'kor_name': '케슈넛'}"
210,perfumes.note,"{'name': 'chimonanthus or wintersweet', 'kor_name': '치모넌써즈 (윈터스위츠)'}"
211,perfumes.note,"{'name': 'china rose', 'kor_name': '차이나 로즈'}"
212,perfumes.note,"{'name': 'chinotto', 'kor_name': '치노토'}"
213,perfumes.note,"{'name': 'chinotto', 'kor_name': '치노토'}"
214,perfumes.note,"{'name': 'chinotto blossom', 'kor_name': '치노토 블라썸'}"
215,perfumes.note,"{'name': 'chive', 'kor_name': '차이브'}"
216,perfumes.note,"{'name': 'chocolate flower', 'kor_name': '초콜렛 플라워'}"
217,perfumes.note,"{'name': 'choya loban', 'kor_name': '초야 로반'}"
218,perfumes.note,"{'name': 'choya nakh', 'kor_name': '초야 나크'}"
219,perfumes.note,"{'name': 'choya ral', 'kor_name': '초야 랄'}"
220,perfumes.note,"{'name': 'christmas tree or flame tree', 'kor_name': '크리스마스 트리 (플레임 프리)'}"
221,perfumes.note,"{'name': 'chrysanthemum', 'kor_name': '크리센티멈'}"
222,perfumes.note,"{'name': 'chutney', 'kor_name': '첫니'}"
223,perfumes.note,"{'name': 'cilantro', 'kor_name': '실란트로'}"
224,perfumes.note,"{'name': 'cinnamon', 'kor_name': '시나몬'}"
225,perfumes.note,"{'name': 'cinnamon leaf', 'kor_name': '시나몬 리프'}"
226,perfumes.note,"{'name': 'citron', 'kor_name': '시트론'}"
227,perfumes.note,"{'name': 'citruses', 'kor_name': '시트러스'}"
228,perfumes.note,"{'name': 'civet', 'kor_name': '시벳'}"
229,perfumes.note,"{'name': 'clary sage', 'kor_name': '클라리 세이지'}"
230,perfumes.note,"{'name': 'clay', 'kor_name': '클레이'}"
231,perfumes.note,"{'name': 'clearwood', 'kor_name': '클리어우드'}"
232,perfumes.note,"{'name': 'clematis', 'kor_name': '클레멘티스'}"
233,perfumes.note,"{'name': 'clementine', 'kor_name': '클레멘타인'}"
234,perfumes.note,"{'name': 'cloudberry', 'kor_name': '클라우드베리'}"
235,perfumes.note,"{'name': 'clove leaf', 'kor_name': '클로브 리프'}"
236,perfumes.note,"{'name': 'clover', 'kor_name': '클로버'}"
237,perfumes.note,"{'name': 'cloves', 'kor_name': '클로브스'}"
238,perfumes.note,"{'name': 'co2 extracts', 'kor_name': 'co2 추출물'}"
239,perfumes.note,"{'name': 'coal', 'kor_name': '코올'}"
240,perfumes.note,"{'name': 'coal tar', 'kor_name': '코올 타르'}"
241,perfumes.note,"{'name': 'cobblestone', 'kor_name': '코벨스톤'}"
242,perfumes.note,"{'name': 'coca', 'kor_name': '코카'}"
243,perfumes.note,"{'name': 'coca-cola', 'kor_name': '코카콜라'}"
244,perfumes.note,"{'name': 'cocobolo', 'kor_name': '코코볼로'}"
245,perfumes.note,"{'name': 'coconut', 'kor_name': '코코넛'}"
246,perfumes.note,"{'name': 'coconut pie', 'kor_name': '코코넛 파이'}"
247,perfumes.note,"{'name': 'coffee', 'kor_name': '커피'}"
248,perfumes.note,"{'name': 'coffee blossom', 'kor_name': '커피 블라썸'}"
249,perfumes.note,"{'name': 'coffee tree', 'kor_name': '커피 트리'}"
250,perfumes.note,"{'name': 'cognac', 'kor_name': '코냑'}"
251,perfumes.note,"{'name': 'cognac', 'kor_name': '코냑'}"
252,perfumes.note,"{'name': 'concrete', 'kor_name': '콘크리트'}"
253,perfumes.note,"{'name': 'cookie', 'kor_name': '쿠키'}"
254,perfumes.note,"{'name': 'copahu balm', 'kor_name': '코파후 밤'}"
255,perfumes.note,"{'name': 'copaiba balm', 'kor_name': '코파이바 밤'}"
256,perfumes.note,"{'name': 'copal', 'kor_name': '코팔'}"
257,perfumes.note,"{'name': 'coral reef', 'kor_name': '코랄 리프'}"
258,perfumes.note,"{'name': 'coranol', 'kor_name': '코라놀'}"
259,perfumes.note,"{'name': 'coriander', 'kor_name': '코리안더'}"
260,perfumes.note,"{'name': 'cork', 'kor_name': '코르크'}"
261,perfumes.note,"{'name': 'cork', 'kor_name': '코르크'}"
262,perfumes.note,"{'name': 'corn silk', 'kor_name': '콘 실크'}"
263,perfumes.note,"{'name': 'cornflower, sultan seeds', 'kor_name': '콘플라워, 술탄 시즈'}"
264,perfumes.note,"{'name': 'cosmone', 'kor_name': '코즈먼'}"
265,perfumes.note,"{'name': 'cosmopolitan cocktail', 'kor_name': '코스모폴리탄 칵테일'}"
266,perfumes.note,"{'name': 'cosmos flower', 'kor_name': '코스모스 플라워'}"
267,perfumes.note,"{'name': 'costus', 'kor_name': '코스터스'}"
268,perfumes.note,"{'name': 'cotton candy', 'kor_name': '코튼 캔디'}"
269,perfumes.note,"{'name': 'cotton flower', 'kor_name': '코튼 플라워'}"
270,perfumes.note,"{'name': 'cottonwood (poplar)', 'kor_name': '코튼우드 (포플러)'}"
271,perfumes.note,"{'name': 'coumarin', 'kor_name': '쿠머린'}"
272,perfumes.note,"{'name': 'cranberry', 'kor_name': '크렌베리'}"
273,perfumes.note,"{'name': 'cream', 'kor_name': '크림'}"
274,perfumes.note,"{'name': 'cream soda', 'kor_name': '크림 소다'}"
275,perfumes.note,"{'name': 'creme brulee', 'kor_name': '크림 브룰리'}"
276,perfumes.note,"{'name': 'creosote bush', 'kor_name': '크레오소트 부쉬'}"
277,perfumes.note,"{'name': 'crinum lily', 'kor_name': '크리넘 릴리'}"
278,perfumes.note,"{'name': 'crithmum', 'kor_name': '크리멈'}"
279,perfumes.note,"{'name': 'croissant', 'kor_name': '크로이산트'}"
280,perfumes.note,"{'name': 'cubeb or tailed pepper', 'kor_name': '쿠벱 (테일드 페퍼)'}"
281,perfumes.note,"{'name': 'cucumber', 'kor_name': '큐컴버'}"
282,perfumes.note,"{'name': 'cumin', 'kor_name': '쿠민'}"
283,perfumes.note,"{'name': 'cupcake', 'kor_name': '컵케이크'}"
284,perfumes.note,"{'name': 'cupuacu, cupuassu, copoasu', 'kor_name': '커퍼쿠, 쿠푸아수, 코포아수'}"
285,perfumes.note,"{'name': 'curacao', 'kor_name': '큐라소'}"
286,perfumes.note,"{'name': 'curcuma (turmeric)', 'kor_name': '컬쿠마 (털메릭)'}"
287,perfumes.note,"{'name': 'currant leaf and bud', 'kor_name': '커런트 리프 앤 버드'}"
288,perfumes.note,"{'name': 'curry tree', 'kor_name': '커리 트리'}"
289,perfumes.note,"{'name': 'custard', 'kor_name': '커스타드'}"
290,perfumes.note,"{'name': 'cyclamen', 'kor_name': '사이클라멘'}"
291,perfumes.note,"{'name': 'cyperus scariosus', 'kor_name': '사이퍼러스 스케리오서스'}"
292,perfumes.note,"{'name': 'cypress', 'kor_name': '사이프레스'}"
293,perfumes.note,"{'name': 'cypriol oil or nagarmotha', 'kor_name': '사이프리올 오일 (나가아머써)'}"
294,perfumes.note,"{'name': 'dahlia', 'kor_name': '달리아'}"
295,perfumes.note,"{'name': 'daim', 'kor_name': '데임'}"
296,perfumes.note,"{'name': 'daiquiri', 'kor_name': '데커리'}"
297,perfumes.note,"{'name': 'daisy', 'kor_name': '데이지'}"
298,perfumes.note,"{'name': 'dandelion', 'kor_name': '덴덜라이언'}"
299,perfumes.note,"{'name': 'daphne', 'kor_name': '다프네'}"
300,perfumes.note,"{'name': 'dark chocolate', 'kor_name': '다크 초콜렛'}"
301,perfumes.note,"{'name': 'dates', 'kor_name': '데이츠'}"
302,perfumes.note,"{'name': 'datura', 'kor_name': '다투라'}"
303,perfumes.note,"{'name': 'davana', 'kor_name': '다바나'}"
304,perfumes.note,"{'name': 'deadnettle', 'kor_name': '데드네틀'}"
305,perfumes.note,"{'name': 'delonix', 'kor_name': '델로닉스'}"
306,perfumes.note,"{'name': 'desert rose', 'kor_name': '데저트 로즈'}"
307,perfumes.note,"{'name': 'dew drop', 'kor_name': '듀 드롭'}"
308,perfumes.note,"{'name': 'dewberry', 'kor_name': '듀베리'}"
309,perfumes.note,"{'name': 'dianthus', 'kor_name': '디안서스'}"
310,perfumes.note,"{'name': 'dill', 'kor_name': '딜'}"
311,perfumes.note,"{'name': 'dodecanal', 'kor_name': '도덱케널'}"
312,perfumes.note,"{'name': 'dove tree', 'kor_name': '도브 트리'}"
313,perfumes.note,"{'name': 'dragon blood resin', 'kor_name': '드레곤 블러드 레전'}"
314,perfumes.note,"{'name': 'dried apple crisp', 'kor_name': '드라이드 애플 크리스프'}"
315,perfumes.note,"{'name': 'dried apricot', 'kor_name': '드라이드 애프리콧'}"
316,perfumes.note,"{'name': 'dried fallen leaves', 'kor_name': '드라이드 폴른 리브즈'}"
317,perfumes.note,"{'name': 'dried fruits', 'kor_name': '드라이드 프루츠'}"
318,perfumes.note,"{'name': 'dried rose', 'kor_name': '드라이드 로즈'}"
319,perfumes.note,"{'name': 'driftwood', 'kor_name': '드리프트우드'}"
320,perfumes.note,"{'name': 'dry wood', 'kor_name': '드라이 우드'}"
321,perfumes.note,"{'name': 'dulce de leche', 'kor_name': '두셀 데 리체'}"
322,perfumes.note,"{'name': ""dyer's greenweed"", 'kor_name': '다이어즈 그린위드'}"
323,perfumes.note,"{'name': 'earl grey tea', 'kor_name': '얼그레이 티'}"
324,perfumes.note,"{'name': 'earth tincture', 'kor_name': '어스 틴척'}"
325,perfumes.note,"{'name': 'earthy notes', 'kor_name': '어시 노츠'}"
326,perfumes.note,"{'name': 'eau de vie', 'kor_name': '에우 데 비에'}"
327,perfumes.note,"{'name': 'ebony tree', 'kor_name': '엔보니 트리'}"
328,perfumes.note,"{'name': 'edelweiss', 'kor_name': '에델바이스'}"
329,perfumes.note,"{'name': 'eglantine rose', 'kor_name': '에글런타인 로즈'}"
330,perfumes.note,"{'name': 'elderflower', 'kor_name': '엘덜플라워'}"
331,perfumes.note,"{'name': 'elemi', 'kor_name': '일레미'}"
332,perfumes.note,"{'name': 'ember', 'kor_name': '엠버'}"
333,perfumes.note,"{'name': 'encian', 'kor_name': '엔시언'}"
334,perfumes.note,"{'name': 'english marigold', 'kor_name': '잉글리시 메리골드'}"
335,perfumes.note,"{'name': 'ethyl maltol', 'kor_name': '에틸 말톨'}"
336,perfumes.note,"{'name': 'eucalyptus', 'kor_name': '유칼립투스'}"
337,perfumes.note,"{'name': 'eugenol', 'kor_name': '유제놀'}"
338,perfumes.note,"{'name': 'fabric', 'kor_name': '페브릭'}"
339,perfumes.note,"{'name': 'fennel', 'kor_name': '펜넬'}"
340,perfumes.note,"{'name': 'fenugreek', 'kor_name': '페누그릭'}"
341,perfumes.note,"{'name': 'fern', 'kor_name': '페른'}"
342,perfumes.note,"{'name': 'field scabious', 'kor_name': '필드 스케비어스'}"
343,perfumes.note,"{'name': 'fig', 'kor_name': '피그'}"
344,perfumes.note,"{'name': 'fig leaf', 'kor_name': '피그 리프'}"
345,perfumes.note,"{'name': 'fig tree', 'kor_name': '피그 트리'}"
346,perfumes.note,"{'name': 'finger lime', 'kor_name': '핑거 라임'}"
347,perfumes.note,"{'name': 'fir', 'kor_name': '퍼'}"
348,perfumes.note,"{'name': 'fire', 'kor_name': '파이어'}"
349,perfumes.note,"{'name': 'fish', 'kor_name': '피쉬'}"
350,perfumes.note,"{'name': 'flamingo flower (anthurium)', 'kor_name': '플라밍고 플라워 (엔쑤리엄)'}"
351,perfumes.note,"{'name': 'flax', 'kor_name': '플렉스'}"
352,perfumes.note,"{'name': 'flint', 'kor_name': '플린트'}"
353,perfumes.note,"{'name': 'floral notes', 'kor_name': '플로럴 노트'}"
354,perfumes.note,"{'name': 'forest fruits', 'kor_name': '포레스트 프루츠'}"
355,perfumes.note,"{'name': 'forget me not', 'kor_name': '폴겟 미 낫'}"
356,perfumes.note,"{'name': 'fragonia', 'kor_name': '프라고니아'}"
357,perfumes.note,"{'name': 'frangipani', 'kor_name': '프렌지파니'}"
358,perfumes.note,"{'name': 'freesia', 'kor_name': '프리지아'}"
359,perfumes.note,"{'name': 'french pastries', 'kor_name': '프렌치 페스츠리즈'}"
360,perfumes.note,"{'name': 'frosted berries', 'kor_name': '프로스티드 베리즈'}"
361,perfumes.note,"{'name': 'frosting [glace]', 'kor_name': '프로스팅 [글레이스]'}"
362,perfumes.note,"{'name': 'fruity notes', 'kor_name': '프루티 노트'}"
363,perfumes.note,"{'name': 'fuchsia', 'kor_name': '퓨시아'}"
364,perfumes.note,"{'name': 'galanga', 'kor_name': '갈랑가'}"
365,perfumes.note,"{'name': 'galaxolide', 'kor_name': '갤럭설라이드'}"
366,perfumes.note,"{'name': 'galbanum', 'kor_name': '갈바늄'}"
367,perfumes.note,"{'name': 'gardenia', 'kor_name': '가디니아'}"
368,perfumes.note,"{'name': 'gasoline', 'kor_name': '가솔린'}"
369,perfumes.note,"{'name': 'genet', 'kor_name': '제닛'}"
370,perfumes.note,"{'name': 'genmaicha', 'kor_name': '젠메이처'}"
371,perfumes.note,"{'name': 'geosmin', 'kor_name': '지오스민'}"
372,perfumes.note,"{'name': 'geranium', 'kor_name': '제레니움'}"
373,perfumes.note,"{'name': 'gerbera', 'kor_name': '거베라'}"
374,perfumes.note,"{'name': 'gianduia', 'kor_name': '지안두이어'}"
375,perfumes.note,"{'name': 'gin', 'kor_name': '진'}"
376,perfumes.note,"{'name': 'ginger', 'kor_name': '진저'}"
377,perfumes.note,"{'name': 'gingerbread', 'kor_name': '진저브레드'}"
378,perfumes.note,"{'name': 'ginkgo', 'kor_name': '긴커고'}"
379,perfumes.note,"{'name': 'ginseng', 'kor_name': '진생'}"
380,perfumes.note,"{'name': 'gladiolus', 'kor_name': '글래디올러스'}"
381,perfumes.note,"{'name': 'goat hair', 'kor_name': '고트 헤어'}"
382,perfumes.note,"{'name': 'goji berries', 'kor_name': '고지 베리즈'}"
383,perfumes.note,"{'name': 'goldenrod', 'kor_name': '골든로드'}"
384,perfumes.note,"{'name': 'gooseberry', 'kor_name': '구스베지'}"
385,perfumes.note,"{'name': 'gorse', 'kor_name': '고어스'}"
386,perfumes.note,"{'name': 'grape leaves', 'kor_name': '그레이프 리브즈'}"
387,perfumes.note,"{'name': 'grape seed', 'kor_name': '그레이프 시드'}"
388,perfumes.note,"{'name': 'grapefruit', 'kor_name': '그레이프프룻'}"
389,perfumes.note,"{'name': 'grapefruit blossom', 'kor_name': '그레이프프룻 블라썸'}"
390,perfumes.note,"{'name': 'grapes', 'kor_name': '그레이프'}"
391,perfumes.note,"{'name': 'graphite', 'kor_name': '그래파이트'}"
392,perfumes.note,"{'name': 'grass', 'kor_name': '그래스'}"
393,perfumes.note,"{'name': 'grass tree', 'kor_name': '그래스 트리'}"
394,perfumes.note,"{'name': 'green nard', 'kor_name': '그린 나드'}"
395,perfumes.note,"{'name': 'green notes', 'kor_name': '그린 노트'}"
396,perfumes.note,"{'name': 'green pepper', 'kor_name': '그린 페퍼'}"
397,perfumes.note,"{'name': 'green sap', 'kor_name': '그린 삽'}"
398,perfumes.note,"{'name': 'green tea flower', 'kor_name': '그린 티 플라워'}"
399,perfumes.note,"{'name': 'greengage', 'kor_name': '그린게이지'}"
400,perfumes.note,"{'name': 'grenadine', 'kor_name': '그레네딘'}"
401,perfumes.note,"{'name': 'gromwell', 'kor_name': '그롬웰'}"
402,perfumes.note,"{'name': 'ground cherry', 'kor_name': '그라운드 체리'}"
403,perfumes.note,"{'name': 'guaiac wood', 'kor_name': '과이악 우드'}"
404,perfumes.note,"{'name': 'guao or maiden plum', 'kor_name': '가우 (메이덴 플럼)'}"
405,perfumes.note,"{'name': 'guarana', 'kor_name': '게레나'}"
406,perfumes.note,"{'name': 'guava', 'kor_name': '구아바'}"
407,perfumes.note,"{'name': 'guava blossom', 'kor_name': '구아바 블라썸'}"
408,perfumes.note,"{'name': 'gunpowder', 'kor_name': '건파우더'}"
409,perfumes.note,"{'name': 'gurjun balsam', 'kor_name': '거전 발삼'}"
410,perfumes.note,"{'name': 'halva', 'kor_name': '할바'}"
411,perfumes.note,"{'name': 'hassaku', 'kor_name': '하사쿠'}"
412,perfumes.note,"{'name': 'hatkora lemon', 'kor_name': '핫코라 레몬'}"
413,perfumes.note,"{'name': 'hawthorn', 'kor_name': '호쏜'}"
414,perfumes.note,"{'name': 'hay', 'kor_name': '헤이'}"
415,perfumes.note,"{'name': 'hazel blossom', 'kor_name': '헤이즐 블라썸'}"
416,perfumes.note,"{'name': 'hazelnut', 'kor_name': '헤이즐넛'}"
417,perfumes.note,"{'name': 'hazelnut cocoa spread', 'kor_name': '헤이즐넛 코코아 스프레드'}"
418,perfumes.note,"{'name': 'head space waterfall', 'kor_name': '헤드 스페이스 워터폴'}"
419,perfumes.note,"{'name': 'heather', 'kor_name': '헤더'}"
420,perfumes.note,"{'name': 'hedione', 'kor_name': '헤디오니'}"
421,perfumes.note,"{'name': 'heliotrope', 'kor_name': '힐리오트롭'}"
422,perfumes.note,"{'name': 'hellabore flower', 'kor_name': '헬러보어 플라워'}"
423,perfumes.note,"{'name': 'hemlock', 'kor_name': '해믈락'}"
424,perfumes.note,"{'name': 'henna', 'kor_name': '헨나'}"
425,perfumes.note,"{'name': 'hi-fi', 'kor_name': '하이-파이'}"
426,perfumes.note,"{'name': 'hibiscus', 'kor_name': '히비스커스'}"
427,perfumes.note,"{'name': 'hina', 'kor_name': '히나'}"
428,perfumes.note,"{'name': 'hinoki wood', 'kor_name': '히노키 우드'}"
429,perfumes.note,"{'name': 'ho wood', 'kor_name': '호 우드'}"
430,perfumes.note,"{'name': 'hoary stock', 'kor_name': '호리 스톡'}"
431,perfumes.note,"{'name': 'holly flower', 'kor_name': '홀리 플라워'}"
432,perfumes.note,"{'name': 'hollyhock', 'kor_name': '홀리혹'}"
433,perfumes.note,"{'name': 'honey', 'kor_name': '허니'}"
434,perfumes.note,"{'name': 'honeybush or cyclopia', 'kor_name': '허니부니 (사이클로피아)'}"
435,perfumes.note,"{'name': 'honeycomb', 'kor_name': '허니콤'}"
436,perfumes.note,"{'name': 'honeydew blossom', 'kor_name': '허니듀 블라썸'}"
437,perfumes.note,"{'name': 'honeysuckle', 'kor_name': '허니서클'}"
438,perfumes.note,"{'name': 'hops', 'kor_name': '합스'}"
439,perfumes.note,"{'name': 'horchata', 'kor_name': '홀차타'}"
440,perfumes.note,"{'name': 'horseweed', 'kor_name': '호스위드'}"
441,perfumes.note,"{'name': 'hortensia', 'kor_name': '홀텐시아'}"
442,perfumes.note,"{'name': 'hot iron', 'kor_name': '핫 아이언'}"
443,perfumes.note,"{'name': 'hoya carnosa, wax plant', 'kor_name': '호야 카노사, 왁스 플렌트'}"
444,perfumes.note,"{'name': 'hyacinth', 'kor_name': '히아신스'}"
445,perfumes.note,"{'name': 'hyraceum', 'kor_name': '히라슘'}"
446,perfumes.note,"{'name': 'hyssop', 'kor_name': '히솝'}"
447,perfumes.note,"{'name': 'ice', 'kor_name': '아이스'}"
448,perfumes.note,"{'name': 'ice cream', 'kor_name': '아이스 크림'}"
449,perfumes.note,"{'name': 'icing pink', 'kor_name': '아이싱 핑크'}"
450,perfumes.note,"{'name': 'immortelle', 'kor_name': '임모텔'}"
451,perfumes.note,"{'name': 'impatiens', 'kor_name': '임페이션스'}"
452,perfumes.note,"{'name': 'incense', 'kor_name': '인센스'}"
453,perfumes.note,"{'name': 'incienso', 'kor_name': '인사이언소'}"
454,perfumes.note,"{'name': 'indian oud', 'kor_name': '인디안 오드'}"
455,perfumes.note,"{'name': 'indian spices', 'kor_name': '인디안 스파이시스'}"
456,perfumes.note,"{'name': 'indian woods', 'kor_name': '인디안 우즈'}"
457,perfumes.note,"{'name': 'indole', 'kor_name': '인돌레'}"
458,perfumes.note,"{'name': 'industrial glue', 'kor_name': '언더스트리올 글루'}"
459,perfumes.note,"{'name': 'ink', 'kor_name': '잉크'}"
460,perfumes.note,"{'name': 'instant film accord', 'kor_name': '인스턴트 필름 어코드'}"
461,perfumes.note,"{'name': 'iris', 'kor_name': '아이리스'}"
462,perfumes.note,"{'name': 'ishpink, ocotea quixos', 'kor_name': '이쉬핑크, 오코티아 퀵사스'}"
463,perfumes.note,"{'name': 'iso e super', 'kor_name': '아이소 에 수퍼'}"
464,perfumes.note,"{'name': 'isobutyl quinoline', 'kor_name': '이소부틸 퀴놀린'}"
465,perfumes.note,"{'name': 'ivy', 'kor_name': '아이비'}"
466,perfumes.note,"{'name': 'jabuticaba', 'kor_name': '자부티카바'}"
467,perfumes.note,"{'name': 'jacaranda', 'kor_name': '자카란다'}"
468,perfumes.note,"{'name': 'jackfruit', 'kor_name': '젝프루츠'}"
469,perfumes.note,"{'name': 'jade flower', 'kor_name': '제이드 플라워'}"
470,perfumes.note,"{'name': 'japanese loquat', 'kor_name': '제페니즈 로쾃'}"
471,perfumes.note,"{'name': 'japanese pepper', 'kor_name': '제페니즈 페퍼'}"
472,perfumes.note,"{'name': 'jasmine', 'kor_name': '자스민'}"
473,perfumes.note,"{'name': 'jasmine orchid', 'kor_name': '자스민 오키드'}"
474,perfumes.note,"{'name': 'jasmine tea', 'kor_name': '자스민 티'}"
475,perfumes.note,"{'name': 'jatamansi or spikenard', 'kor_name': '자타만시, 스파이크너드'}"
476,perfumes.note,"{'name': 'javanol', 'kor_name': '자바놀'}"
477,perfumes.note,"{'name': 'jeans', 'kor_name': '진스'}"
478,perfumes.note,"{'name': 'jobs tears (yi yi ren)', 'kor_name': '잡스 티어스 (이 이 렌)'}"
479,perfumes.note,"{'name': 'jujube blossom', 'kor_name': '주주베 블라썸'}"
480,perfumes.note,"{'name': 'juniper', 'kor_name': '주니퍼'}"
481,perfumes.note,"{'name': 'juniper berries', 'kor_name': '주니퍼 베리즈'}"
482,perfumes.note,"{'name': 'kadam', 'kor_name': '카담'}"
483,perfumes.note,"{'name': 'kaffir lime', 'kor_name': '카피어 라임'}"
484,perfumes.note,"{'name': 'kanuka', 'kor_name': '카누카'}"
485,perfumes.note,"{'name': 'karo-karounde', 'kor_name': '카로-카룬드'}"
486,perfumes.note,"{'name': 'katrafay', 'kor_name': '카트라페이'}"
487,perfumes.note,"{'name': 'katsura leaf', 'kor_name': '카츠라 리프'}"
488,perfumes.note,"{'name': 'kephalis', 'kor_name': '케펠리스'}"
489,perfumes.note,"{'name': 'khella', 'kor_name': '켈라'}"
490,perfumes.note,"{'name': 'kir royal', 'kor_name': '키르 로얄'}"
491,perfumes.note,"{'name': 'kiwi', 'kor_name': '키위'}"
492,perfumes.note,"{'name': 'kiwi blossom', 'kor_name': '키위 블라썸'}"
493,perfumes.note,"{'name': 'kowhai', 'kor_name': '코하이'}"
494,perfumes.note,"{'name': 'kudzu', 'kor_name': '커드주'}"
495,perfumes.note,"{'name': 'kulfi', 'kor_name': '컬피'}"
496,perfumes.note,"{'name': 'kumbaru', 'kor_name': '컴바루'}"
497,perfumes.note,"{'name': 'kumquat', 'kor_name': '컴쾃'}"
498,perfumes.note,"{'name': 'labdanum', 'kor_name': '라다넘'}"
499,perfumes.note,"{'name': 'laburnum', 'kor_name': '래버넘'}"
500,perfumes.note,"{'name': 'lady of the night flower', 'kor_name': '레이티 오브 더 나이트 플라워'}"
501,perfumes.note,"{'name': 'lady slipper orchid', 'kor_name': '레이디 슬리퍼 오키드'}"
502,perfumes.note,"{'name': 'lamduan flower', 'kor_name': '람 두안 플라워'}"
503,perfumes.note,"{'name': 'laminaria', 'kor_name': '라미나리아'}"
504,perfumes.note,"{'name': 'lamprocapnos', 'kor_name': '람프로카프노스'}"
505,perfumes.note,"{'name': 'lantana', 'kor_name': '란타나'}"
506,perfumes.note,"{'name': 'lantana leaf', 'kor_name': '란타나 리프'}"
507,perfumes.note,"{'name': 'laotian oud', 'kor_name': '라오 우드'}"
508,perfumes.note,"{'name': 'larch', 'kor_name': '라치'}"
509,perfumes.note,"{'name': 'larkspur', 'kor_name': '락스퍼'}"
510,perfumes.note,"{'name': 'laurel blossom', 'kor_name': '로렐 블로섬'}"
511,perfumes.note,"{'name': 'lava', 'kor_name': '라바'}"
512,perfumes.note,"{'name': 'lavender', 'kor_name': '라벤더'}"
513,perfumes.note,"{'name': 'leather', 'kor_name': '레더'}"
514,perfumes.note,"{'name': 'leatherwood', 'kor_name': '레더우드'}"
515,perfumes.note,"{'name': 'lemon', 'kor_name': '레몬'}"
516,perfumes.note,"{'name': 'lemon balm', 'kor_name': '레먼 밤'}"
517,perfumes.note,"{'name': 'lemon blossom', 'kor_name': '레몬 블로섬'}"
518,perfumes.note,"{'name': 'lemon tree', 'kor_name': '레몬 트리'}"
519,perfumes.note,"{'name': 'lemon verbena', 'kor_name': '레몬 버베나'}"
520,perfumes.note,"{'name': 'lemon zest', 'kor_name': '레몬 버비너'}"
521,perfumes.note,"{'name': 'lemonade', 'kor_name': '레몬에이드'}"
522,perfumes.note,"{'name': 'lemongrass', 'kor_name': '레몬그라스'}"
523,perfumes.note,"{'name': 'liatris', 'kor_name': '리아트리스'}"
524,perfumes.note,"{'name': 'lichen', 'kor_name': '라이컨'}"
525,perfumes.note,"{'name': 'licorice', 'kor_name': '리커리시'}"
526,perfumes.note,"{'name': 'lilac', 'kor_name': '라일락'}"
527,perfumes.note,"{'name': 'lily', 'kor_name': '릴리'}"
528,perfumes.note,"{'name': 'lily of the valley leaves', 'kor_name': '릴리 오브 더 밸리 리브즈'}"
529,perfumes.note,"{'name': 'lily-of-the-valley', 'kor_name': '릴리 오브 더 밸리'}"
530,perfumes.note,"{'name': 'lime', 'kor_name': '라임'}"
531,perfumes.note,"{'name': 'lime (linden) blossom', 'kor_name': '라임 (린던) 블라섬'}"
532,perfumes.note,"{'name': 'limetta', 'kor_name': '리메타'}"
533,perfumes.note,"{'name': 'limnophila aromatica', 'kor_name': '림노필라 아로마티카'}"
534,perfumes.note,"{'name': 'limoncello', 'kor_name': '리몬 첼로'}"
535,perfumes.note,"{'name': 'linaloe berry', 'kor_name': '리날로 베리'}"
536,perfumes.note,"{'name': 'linen', 'kor_name': '리넨'}"
537,perfumes.note,"{'name': 'lingonberry', 'kor_name': '린곤베리'}"
538,perfumes.note,"{'name': 'lip gloss', 'kor_name': '립 그로스'}"
539,perfumes.note,"{'name': 'lipstick', 'kor_name': '립스틱'}"
540,perfumes.note,"{'name': 'liquor', 'kor_name': 'liquor'}"
541,perfumes.note,"{'name': 'litchi', 'kor_name': '리치'}"
542,perfumes.note,"{'name': 'litsea cubeba', 'kor_name': '리시 쿠베나'}"
543,perfumes.note,"{'name': 'longan berries', 'kor_name': '랑건 베리즈'}"
544,perfumes.note,"{'name': 'lorenox', 'kor_name': '로레녹스'}"
545,perfumes.note,"{'name': 'lotus', 'kor_name': '로터스'}"
546,perfumes.note,"{'name': 'loukhoum', 'kor_name': '로쿰'}"
547,perfumes.note,"{'name': 'lovage root', 'kor_name': '로바지 루트'}"
548,perfumes.note,"{'name': 'lupin', 'kor_name': '루핀'}"
549,perfumes.note,"{'name': 'lydia broom', 'kor_name': '리디아 블룸'}"
550,perfumes.note,"{'name': 'macadamia', 'kor_name': '매커데이미어'}"
551,perfumes.note,"{'name': 'macarons', 'kor_name': '마카롱'}"
552,perfumes.note,"{'name': 'mace', 'kor_name': '메이스'}"
553,perfumes.note,"{'name': 'madeira', 'kor_name': '머디어러'}"
554,perfumes.note,"{'name': 'magnolan', 'kor_name': '마그놀란'}"
555,perfumes.note,"{'name': 'magnolia', 'kor_name': '마그놀리아'}"
556,perfumes.note,"{'name': 'mahogany', 'kor_name': '마호가니'}"
557,perfumes.note,"{'name': 'mahonia', 'kor_name': '마호니아'}"
558,perfumes.note,"{'name': 'mahonial', 'kor_name': '마호니알'}"
559,perfumes.note,"{'name': 'mai tai cocktail', 'kor_name': '마이타이 캌테일'}"
560,perfumes.note,"{'name': 'malt', 'kor_name': '몰트'}"
561,perfumes.note,"{'name': 'malva', 'kor_name': '말바'}"
562,perfumes.note,"{'name': 'mandarin orange', 'kor_name': '만다린 오렌지'}"
563,perfumes.note,"{'name': 'mandarin orange blossom', 'kor_name': '만다린 오렌지 블라섬'}"
564,perfumes.note,"{'name': 'mandora', 'kor_name': '만도라'}"
565,perfumes.note,"{'name': 'mango', 'kor_name': '망고'}"
566,perfumes.note,"{'name': 'mango blossom', 'kor_name': ' 블라섬'}"
567,perfumes.note,"{'name': 'mangosteen', 'kor_name': '망고스틴'}"
568,perfumes.note,"{'name': 'maninka', 'kor_name': '마닌카'}"
569,perfumes.note,"{'name': 'manuka', 'kor_name': '마누카'}"
570,perfumes.note,"{'name': 'maple', 'kor_name': '메이플'}"
571,perfumes.note,"{'name': 'maple syrup', 'kor_name': '메이플 시럽'}"
572,perfumes.note,"{'name': 'maraschino cherry', 'kor_name': '마라스키노 체리'}"
573,perfumes.note,"{'name': 'marian plum', 'kor_name': '마리안 플럼'}"
574,perfumes.note,"{'name': 'marigold', 'kor_name': '매리골드'}"
575,perfumes.note,"{'name': 'mariposa lily', 'kor_name': '마리포사 릴리'}"
576,perfumes.note,"{'name': 'marjoram', 'kor_name': '마조람'}"
577,perfumes.note,"{'name': 'marmalade', 'kor_name': '마멀레이드'}"
578,perfumes.note,"{'name': 'marron glace', 'kor_name': '마론 글래스'}"
579,perfumes.note,"{'name': 'marshmallow', 'kor_name': '마시멜로우'}"
580,perfumes.note,"{'name': 'martini', 'kor_name': '마티니'}"
581,perfumes.note,"{'name': 'marzipan', 'kor_name': '마지팬'}"
582,perfumes.note,"{'name': 'masala chai', 'kor_name': '마살라 차이'}"
583,perfumes.note,"{'name': 'massoia', 'kor_name': '마소이아'}"
584,perfumes.note,"{'name': 'mastic or lentisque', 'kor_name': '렌티스크'}"
585,perfumes.note,"{'name': 'matcha tea', 'kor_name': '마차 티'}"
586,perfumes.note,"{'name': 'mate', 'kor_name': '메이트'}"
587,perfumes.note,"{'name': 'mayflower', 'kor_name': '메이플라워'}"
588,perfumes.note,"{'name': 'meadowsweet', 'kor_name': '메도스위트'}"
589,perfumes.note,"{'name': 'meat', 'kor_name': '미트'}"
590,perfumes.note,"{'name': 'melati', 'kor_name': '멜라티'}"
591,perfumes.note,"{'name': 'melilot or sweet clover', 'kor_name': '메럴랏'}"
592,perfumes.note,"{'name': 'melilotus', 'kor_name': '멜리로투스'}"
593,perfumes.note,"{'name': 'melon', 'kor_name': '멜론'}"
594,perfumes.note,"{'name': 'meringues', 'kor_name': '머랭'}"
595,perfumes.note,"{'name': 'mesquite wood', 'kor_name': '메스키트 우드'}"
596,perfumes.note,"{'name': 'metallic notes', 'kor_name': '메탈릭 노트'}"
597,perfumes.note,"{'name': 'methyl pamplemousse', 'kor_name': '메탈리 팜플무스'}"
598,perfumes.note,"{'name': 'mignonette', 'kor_name': '미그넷'}"
599,perfumes.note,"{'name': 'milk', 'kor_name': '밀크'}"
600,perfumes.note,"{'name': 'milk mousse', 'kor_name': '밀크 마우스'}"
601,perfumes.note,"{'name': 'mimosa', 'kor_name': '미모사'}"
602,perfumes.note,"{'name': 'mimusops elengi', 'kor_name': '미무소프스 에렌기'}"
603,perfumes.note,"{'name': 'mineral notes', 'kor_name': '미네랄 노트'}"
604,perfumes.note,"{'name': 'mint', 'kor_name': '민트'}"
605,perfumes.note,"{'name': 'mirabelle', 'kor_name': '미라벨'}"
606,perfumes.note,"{'name': 'mirabilis', 'kor_name': '미라빌리스'}"
607,perfumes.note,"{'name': 'mistletoe', 'kor_name': '미슬토'}"
608,perfumes.note,"{'name': 'mitti attar', 'kor_name': '미티 애터'}"
609,perfumes.note,"{'name': 'mock orange', 'kor_name': '목 오렌지'}"
610,perfumes.note,"{'name': 'moepel accord', 'kor_name': '모에펠 어코드'}"
611,perfumes.note,"{'name': 'mojito', 'kor_name': '모히토'}"
612,perfumes.note,"{'name': 'molasses', 'kor_name': '몰레시즈'}"
613,perfumes.note,"{'name': 'molasses', 'kor_name': '몰레시즈'}"
614,perfumes.note,"{'name': 'monarda', 'kor_name': '모나르다'}"
615,perfumes.note,"{'name': 'monoi oil', 'kor_name': '모노이 오일'}"
616,perfumes.note,"{'name': 'mopane', 'kor_name': '모판'}"
617,perfumes.note,"{'name': 'morning glory flower', 'kor_name': '모닌글로리 플라워'}"
618,perfumes.note,"{'name': 'motor oil', 'kor_name': '모터 오일'}"
619,perfumes.note,"{'name': 'mountain air', 'kor_name': '마운틴 에어'}"
620,perfumes.note,"{'name': 'mugane', 'kor_name': '무겐'}"
621,perfumes.note,"{'name': 'muhuhu', 'kor_name': '무후누'}"
622,perfumes.note,"{'name': 'mulberry', 'kor_name': '멀베리'}"
623,perfumes.note,"{'name': 'mushroom', 'kor_name': '머쉬룸'}"
624,perfumes.note,"{'name': 'musk', 'kor_name': '머스크'}"
625,perfumes.note,"{'name': 'mustard seed', 'kor_name': '머스타드 시드'}"
626,perfumes.note,"{'name': 'myrica', 'kor_name': '미리카'}"
627,perfumes.note,"{'name': 'myrrh', 'kor_name': '미르라'}"
628,perfumes.note,"{'name': 'myrtle', 'kor_name': '미르틀'}"
629,perfumes.note,"{'name': 'nag champa', 'kor_name': '내그 참파'}"
630,perfumes.note,"{'name': 'narcissus', 'kor_name': '나르키소스'}"
631,perfumes.note,"{'name': 'nashi pear', 'kor_name': '나시 피어'}"
632,perfumes.note,"{'name': 'nasturcia', 'kor_name': '나스투시아'}"
633,perfumes.note,"{'name': 'naturalcalm', 'kor_name': '네이처캄'}"
634,perfumes.note,"{'name': 'nectarine', 'kor_name': '넥터린'}"
635,perfumes.note,"{'name': 'nectarine blossom', 'kor_name': '넥터린 블라섬'}"
636,perfumes.note,"{'name': 'neem', 'kor_name': '님'}"
637,perfumes.note,"{'name': 'neoprene', 'kor_name': '니어프린'}"
638,perfumes.note,"{'name': 'nerium oleander', 'kor_name': '네리움 올린더'}"
639,perfumes.note,"{'name': 'neroli', 'kor_name': '네럴리'}"
640,perfumes.note,"{'name': 'nettle', 'kor_name': '네틀'}"
641,perfumes.note,"{'name': 'nigella', 'kor_name': '나이젤러'}"
642,perfumes.note,"{'name': 'night blooming cereus', 'kor_name': '나잇 블라섬 시어러스'}"
643,perfumes.note,"{'name': 'night blooming jasmine', 'kor_name': '나잇 블라섬 자스민'}"
644,perfumes.note,"{'name': 'nootka', 'kor_name': '누트카'}"
645,perfumes.note,"{'name': 'nougat', 'kor_name': '누갓'}"
646,perfumes.note,"{'name': 'nutmeg', 'kor_name': '넛메그'}"
647,perfumes.note,"{'name': 'oak', 'kor_name': '오크'}"
648,perfumes.note,"{'name': 'oak leaves', 'kor_name': '오크 리브즈'}"
649,perfumes.note,"{'name': 'oakmoss', 'kor_name': '오크모스'}"
650,perfumes.note,"{'name': 'oat', 'kor_name': '오트'}"
651,perfumes.note,"{'name': 'oily notes', 'kor_name': '오일리 노트'}"
652,perfumes.note,"{'name': 'olibanum (frankincense)', 'kor_name': '올리프밤'}"
653,perfumes.note,"{'name': 'olive', 'kor_name': '올리브'}"
654,perfumes.note,"{'name': 'olive flower', 'kor_name': '올리브 플라워'}"
655,perfumes.note,"{'name': 'olive leaf', 'kor_name': '올리브 리프'}"
656,perfumes.note,"{'name': 'olive tree', 'kor_name': '올리브 트리'}"
657,perfumes.note,"{'name': 'oolong tea', 'kor_name': '우롱 티'}"
658,perfumes.note,"{'name': 'opium', 'kor_name': '오피엄'}"
659,perfumes.note,"{'name': 'opoponax', 'kor_name': '오포 파낙스'}"
660,perfumes.note,"{'name': 'orange', 'kor_name': '오렌지'}"
661,perfumes.note,"{'name': 'orange blossom', 'kor_name': '오렌지 블라섬'}"
662,perfumes.note,"{'name': 'orange cassia tree', 'kor_name': '오렌지 카시아 트리'}"
663,perfumes.note,"{'name': 'orchard blossom', 'kor_name': '오처드 블라섬'}"
664,perfumes.note,"{'name': 'orchid', 'kor_name': '오키드'}"
665,perfumes.note,"{'name': 'orchid cactus', 'kor_name': '오키드 캑터스'}"
666,perfumes.note,"{'name': 'orchid leaf', 'kor_name': '오키드 리프'}"
667,perfumes.note,"{'name': 'oregano', 'kor_name': '오레가노'}"
668,perfumes.note,"{'name': 'oriental notes', 'kor_name': '오리엔탈 노트'}"
669,perfumes.note,"{'name': 'orris root', 'kor_name': '오리스 루트'}"
670,perfumes.note,"{'name': 'osmanthus', 'kor_name': '오스만터스'}"
671,perfumes.note,"{'name': 'oysters', 'kor_name': '오이스터스'}"
672,perfumes.note,"{'name': 'ozonic notes', 'kor_name': '오존익 노트'}"
673,perfumes.note,"{'name': 'palisander rosewood', 'kor_name': '팔리센터 로즈우드'}"
674,perfumes.note,"{'name': 'palm leaf', 'kor_name': '팜 리프'}"
675,perfumes.note,"{'name': 'palmarosa', 'kor_name': '팜마로사'}"
676,perfumes.note,"{'name': 'palo santo', 'kor_name': '팔로 산토'}"
677,perfumes.note,"{'name': 'pandanus', 'kor_name': '판데너스'}"
678,perfumes.note,"{'name': 'panna cotta', 'kor_name': '파나 코타'}"
679,perfumes.note,"{'name': 'pansy', 'kor_name': '판시'}"
680,perfumes.note,"{'name': 'papaya', 'kor_name': '파파야'}"
681,perfumes.note,"{'name': 'papaya blossom', 'kor_name': '파파야 블라섬'}"
682,perfumes.note,"{'name': 'paper', 'kor_name': '페이퍼'}"
683,perfumes.note,"{'name': 'paperbark', 'kor_name': '페이퍼바크'}"
684,perfumes.note,"{'name': 'papyrus', 'kor_name': '파피러스'}"
685,perfumes.note,"{'name': 'para-cresyl phenyl acetate', 'kor_name': '파라-크레실 페닐 아세테이트'}"
686,perfumes.note,"{'name': 'paradisone', 'kor_name': '파라디소네'}"
687,perfumes.note,"{'name': 'paramela', 'kor_name': '파라멜라'}"
688,perfumes.note,"{'name': 'parsley', 'kor_name': '파슬리'}"
689,perfumes.note,"{'name': 'passion flower', 'kor_name': '패션 플라워'}"
690,perfumes.note,"{'name': 'passionfruit', 'kor_name': '패션후르츠'}"
691,perfumes.note,"{'name': 'pataqueira', 'kor_name': '파타쿼이라'}"
692,perfumes.note,"{'name': 'patchouli', 'kor_name': '파출리'}"
693,perfumes.note,"{'name': 'pea', 'kor_name': '피'}"
694,perfumes.note,"{'name': 'peach', 'kor_name': '피치'}"
695,perfumes.note,"{'name': 'peach blossom', 'kor_name': '피치 블라섬'}"
696,perfumes.note,"{'name': 'peach leaf', 'kor_name': '피치 리프'}"
697,perfumes.note,"{'name': 'peanut', 'kor_name': '피넛'}"
698,perfumes.note,"{'name': 'pear', 'kor_name': '피어'}"
699,perfumes.note,"{'name': 'pear blossom', 'kor_name': '피어 블라섬'}"
700,perfumes.note,"{'name': 'pear ice cream', 'kor_name': '피어 아이스크림'}"
701,perfumes.note,"{'name': 'pear leaf', 'kor_name': '피어 리프'}"
702,perfumes.note,"{'name': 'pear tree', 'kor_name': '피어 트리'}"
703,perfumes.note,"{'name': 'peat', 'kor_name': '피트'}"
704,perfumes.note,"{'name': 'pebbles', 'kor_name': '페블스'}"
705,perfumes.note,"{'name': 'pecan', 'kor_name': '페이칸'}"
706,perfumes.note,"{'name': 'pelargonium', 'kor_name': '펠라르고늄'}"
707,perfumes.note,"{'name': 'peony', 'kor_name': '피어니'}"
708,perfumes.note,"{'name': 'pepper', 'kor_name': '페퍼'}"
709,perfumes.note,"{'name': 'peppertree', 'kor_name': '페퍼 트리'}"
710,perfumes.note,"{'name': 'pepperwood or hercules club', 'kor_name': '페퍼우드'}"
711,perfumes.note,"{'name': 'periwinkle', 'kor_name': '페리윙클'}"
712,perfumes.note,"{'name': 'persimmon', 'kor_name': '퍼시몬'}"
713,perfumes.note,"{'name': 'peru balsam', 'kor_name': '페루 발삼'}"
714,perfumes.note,"{'name': 'petalia', 'kor_name': '페탈리아'}"
715,perfumes.note,"{'name': 'petitgrain', 'kor_name': '쁘띠 그레인'}"
716,perfumes.note,"{'name': 'petunia', 'kor_name': '피튜니아'}"
717,perfumes.note,"{'name': 'phlox', 'kor_name': '플록스'}"
718,perfumes.note,"{'name': 'pimento', 'kor_name': '피멘토'}"
719,perfumes.note,"{'name': 'pimento leaf', 'kor_name': '피멘토 리프'}"
720,perfumes.note,"{'name': 'pimento seeds', 'kor_name': '피멘토 시드'}"
721,perfumes.note,"{'name': 'pina colada', 'kor_name': '피냐 콜라다'}"
722,perfumes.note,"{'name': 'pine tree', 'kor_name': '파인 트리'}"
723,perfumes.note,"{'name': 'pineapple', 'kor_name': '파인애플'}"
724,perfumes.note,"{'name': 'pineapple blossom', 'kor_name': '파인애플 블라섬'}"
725,perfumes.note,"{'name': 'pink pepper', 'kor_name': '핑크 페퍼'}"
726,perfumes.note,"{'name': 'pinot noir grapes', 'kor_name': '피노 누아르 그레이프'}"
727,perfumes.note,"{'name': 'pistachio', 'kor_name': '피스타치오'}"
728,perfumes.note,"{'name': 'pitahaya', 'kor_name': '피타야'}"
729,perfumes.note,"{'name': 'pitanga', 'kor_name': '피탄가'}"
730,perfumes.note,"{'name': 'pittosporum', 'kor_name': '피토스포룸'}"
731,perfumes.note,"{'name': 'plastic', 'kor_name': '플라스틱'}"
732,perfumes.note,"{'name': 'plum', 'kor_name': '플럼'}"
733,perfumes.note,"{'name': 'plum blossom', 'kor_name': '플럼 블라섬'}"
734,perfumes.note,"{'name': 'plum tree', 'kor_name': '플럼 트리'}"
735,perfumes.note,"{'name': 'poinsettia', 'kor_name': '포인세티아'}"
736,perfumes.note,"{'name': 'pollen', 'kor_name': '팔런'}"
737,perfumes.note,"{'name': 'polygonum', 'kor_name': '폴리그넘'}"
738,perfumes.note,"{'name': 'pomarose', 'kor_name': '포마로즈'}"
739,perfumes.note,"{'name': 'pomegranate', 'kor_name': '파머그래넛'}"
740,perfumes.note,"{'name': 'pomegranate blossom', 'kor_name': '파머그래넛 블라섬'}"
741,perfumes.note,"{'name': 'pomelo', 'kor_name': '포멜로'}"
742,perfumes.note,"{'name': 'popcorn', 'kor_name': '팝콘'}"
743,perfumes.note,"{'name': 'poplar (populus) buds', 'kor_name': '파퓰러 버즈'}"
744,perfumes.note,"{'name': 'poppy', 'kor_name': '퍼피'}"
745,perfumes.note,"{'name': 'port wine', 'kor_name': '포트 와인'}"
746,perfumes.note,"{'name': 'portulaca or pigweed', 'kor_name': '포테리카'}"
747,perfumes.note,"{'name': 'powdery notes', 'kor_name': '파우더리 노트'}"
748,perfumes.note,"{'name': 'praline', 'kor_name': '프랄린'}"
749,perfumes.note,"{'name': 'primrose', 'kor_name': '프림로즈'}"
750,perfumes.note,"{'name': 'princess tree (paulownia)', 'kor_name': '프린세스 트리'}"
751,perfumes.note,"{'name': 'priprioca', 'kor_name': '프리프리오카'}"
752,perfumes.note,"{'name': 'privet', 'kor_name': '프리빗'}"
753,perfumes.note,"{'name': 'profiterole', 'kor_name': '프로피트롤'}"
754,perfumes.note,"{'name': 'prosecco', 'kor_name': '프로세소'}"
755,perfumes.note,"{'name': 'prunella', 'kor_name': '프루넬라'}"
756,perfumes.note,"{'name': 'pua keni keni (pua-lulu)', 'kor_name': '푸아루루'}"
757,perfumes.note,"{'name': 'pumpkin', 'kor_name': '펌킨'}"
758,perfumes.note,"{'name': 'punch', 'kor_name': '펀치'}"
759,perfumes.note,"{'name': 'quince', 'kor_name': '퀸스'}"
760,perfumes.note,"{'name': 'rain notes', 'kor_name': '레인 노트'}"
761,perfumes.note,"{'name': 'rainbow sorbet', 'kor_name': '레인보우 셔벗'}"
762,perfumes.note,"{'name': 'raki', 'kor_name': '라크'}"
763,perfumes.note,"{'name': 'rambutan', 'kor_name': '람부탄'}"
764,perfumes.note,"{'name': 'rangoon creeper', 'kor_name': '랑군 크래퍼'}"
765,perfumes.note,"{'name': 'raspberry', 'kor_name': '라즈베리'}"
766,perfumes.note,"{'name': 'raspberry blossom', 'kor_name': '라즈베리 블라섬'}"
767,perfumes.note,"{'name': 'ravenala', 'kor_name': '라벤아라'}"
768,perfumes.note,"{'name': 'ravensara', 'kor_name': '라벤사라'}"
769,perfumes.note,"{'name': 'red algae', 'kor_name': '레드 엘쥐'}"
770,perfumes.note,"{'name': 'red apple', 'kor_name': '레드 애플'}"
771,perfumes.note,"{'name': 'red berries', 'kor_name': '레드 배리'}"
772,perfumes.note,"{'name': 'red currant', 'kor_name': '레드 큐란트'}"
773,perfumes.note,"{'name': 'red fruits', 'kor_name': '레드 푸르츠'}"
774,perfumes.note,"{'name': 'red willow', 'kor_name': '레드 윌로우'}"
775,perfumes.note,"{'name': 'red wine', 'kor_name': '레드 와인'}"
776,perfumes.note,"{'name': 'reed', 'kor_name': '리드'}"
777,perfumes.note,"{'name': 'reseda', 'kor_name': '레세다'}"
778,perfumes.note,"{'name': 'resins', 'kor_name': '레진'}"
779,perfumes.note,"{'name': 'rhododendron', 'kor_name': '레두잘프'}"
780,perfumes.note,"{'name': 'rhubarb', 'kor_name': '루바브'}"
781,perfumes.note,"{'name': 'rice', 'kor_name': '라이스'}"
782,perfumes.note,"{'name': 'rice pudding', 'kor_name': '라잇 퍼딩'}"
783,perfumes.note,"{'name': 'rooibos red tea', 'kor_name': '루이보스 레드 티'}"
784,perfumes.note,"{'name': 'rosa rubiginosa', 'kor_name': '로사 루비기노사'}"
785,perfumes.note,"{'name': 'rose', 'kor_name': '로즈'}"
786,perfumes.note,"{'name': 'rose hip', 'kor_name': '로즈 힙'}"
787,perfumes.note,"{'name': 'rose jam', 'kor_name': '로즈 잼'}"
788,perfumes.note,"{'name': 'rose japanese (hamanasu)', 'kor_name': '로즈 제페니즈'}"
789,perfumes.note,"{'name': 'rose leaf', 'kor_name': '로즈 리프'}"
790,perfumes.note,"{'name': 'rose mallow', 'kor_name': '로즈 맬로우'}"
791,perfumes.note,"{'name': 'rose thorn', 'kor_name': '로즈 트론'}"
792,perfumes.note,"{'name': 'rosebay willowherb', 'kor_name': '로즈배리 윌로우허브'}"
793,perfumes.note,"{'name': 'rosemary', 'kor_name': '로즈마리'}"
794,perfumes.note,"{'name': 'rubber', 'kor_name': '러버'}"
795,perfumes.note,"{'name': 'rue', 'kor_name': '루'}"
796,perfumes.note,"{'name': 'rum', 'kor_name': '럼'}"
797,perfumes.note,"{'name': 'rumex', 'kor_name': '루멕스'}"
798,perfumes.note,"{'name': 'rye', 'kor_name': '라이'}"
799,perfumes.note,"{'name': 'safflower', 'kor_name': '새프플라워'}"
800,perfumes.note,"{'name': 'saffron', 'kor_name': '샤프론'}"
801,perfumes.note,"{'name': 'safraleine', 'kor_name': '샤프러닌'}"
802,perfumes.note,"{'name': 'sage', 'kor_name': '세이지'}"
803,perfumes.note,"{'name': 'sainfoins', 'kor_name': '세인포인'}"
804,perfumes.note,"{'name': 'sake', 'kor_name': '세이크'}"
805,perfumes.note,"{'name': 'salt', 'kor_name': '솔트'}"
806,perfumes.note,"{'name': 'saman', 'kor_name': '사만'}"
807,perfumes.note,"{'name': 'sand', 'kor_name': '샌드'}"
808,perfumes.note,"{'name': 'sandalwood', 'kor_name': '샌달우드'}"
809,perfumes.note,"{'name': 'sangria', 'kor_name': '상글리아'}"
810,perfumes.note,"{'name': 'santolina', 'kor_name': '산톨리나'}"
811,perfumes.note,"{'name': 'sapodilla', 'kor_name': '사포딜라'}"
812,perfumes.note,"{'name': 'satin', 'kor_name': '새틴'}"
813,perfumes.note,"{'name': 'satinwood', 'kor_name': '새틴우드'}"
814,perfumes.note,"{'name': 'satureja', 'kor_name': '세투레자'}"
815,perfumes.note,"{'name': 'saw palmetto', 'kor_name': '소 팔메토'}"
816,perfumes.note,"{'name': 'sea buckthorn', 'kor_name': '시 벅쏜'}"
817,perfumes.note,"{'name': 'sea shells', 'kor_name': '시 셸'}"
818,perfumes.note,"{'name': 'sea water', 'kor_name': '시 워터'}"
819,perfumes.note,"{'name': 'seaweed', 'kor_name': '시위드'}"
820,perfumes.note,"{'name': 'sequoia', 'kor_name': '세퀴이아'}"
821,perfumes.note,"{'name': 'sesame', 'kor_name': '시샘'}"
822,perfumes.note,"{'name': 'shiso', 'kor_name': '시소'}"
823,perfumes.note,"{'name': 'siam', 'kor_name': '시암'}"
824,perfumes.note,"{'name': 'sichuan pepper', 'kor_name': '쓰촨 페퍼'}"
825,perfumes.note,"{'name': 'sideritis, mountain tea', 'kor_name': '마운틴 티'}"
826,perfumes.note,"{'name': 'silk', 'kor_name': '실크'}"
827,perfumes.note,"{'name': 'silk tree blossom', 'kor_name': '실크 트리 블라섬'}"
828,perfumes.note,"{'name': 'silk vine or milk broom', 'kor_name': '리크 바인'}"
829,perfumes.note,"{'name': 'skin', 'kor_name': '스킨'}"
830,perfumes.note,"{'name': 'skunk cabbage', 'kor_name': '스컹키 캐비지'}"
831,perfumes.note,"{'name': 'slate', 'kor_name': '슬래이트'}"
832,perfumes.note,"{'name': 'smoke', 'kor_name': '스모크'}"
833,perfumes.note,"{'name': 'snake plant', 'kor_name': '스네이크 플랜트'}"
834,perfumes.note,"{'name': 'snow', 'kor_name': '스노우'}"
835,perfumes.note,"{'name': 'snowberry', 'kor_name': '스노우베리'}"
836,perfumes.note,"{'name': 'snowdrops', 'kor_name': '스노우드롭'}"
837,perfumes.note,"{'name': 'sodium silicate', 'kor_name': '소디엄 실리게이트'}"
838,perfumes.note,"{'name': 'solar notes', 'kor_name': '솔라 노트'}"
839,perfumes.note,"{'name': 'solomon`s seal', 'kor_name': '솔로몬 실'}"
840,perfumes.note,"{'name': 'sorbet', 'kor_name': '소벳'}"
841,perfumes.note,"{'name': 'sour cherry', 'kor_name': '사워 체리'}"
842,perfumes.note,"{'name': 'sour cherry blossom', 'kor_name': '사워 체리 블라섬'}"
843,perfumes.note,"{'name': 'soursop', 'kor_name': '사워삽'}"
844,perfumes.note,"{'name': 'soybean', 'kor_name': '소이빈'}"
845,perfumes.note,"{'name': 'spanish broom', 'kor_name': '스패니쉬 브룸'}"
846,perfumes.note,"{'name': 'spicy notes', 'kor_name': '스파이시 노트'}"
847,perfumes.note,"{'name': 'spinach', 'kor_name': '스피나치'}"
848,perfumes.note,"{'name': 'spiraea', 'kor_name': '스피레아'}"
849,perfumes.note,"{'name': 'spray paint', 'kor_name': '스프레이 플랜드'}"
850,perfumes.note,"{'name': 'spruce', 'kor_name': '스푸르스'}"
851,perfumes.note,"{'name': 'spun sugar', 'kor_name': '스푼 슈거'}"
852,perfumes.note,"{'name': 'squash', 'kor_name': '스쿼시'}"
853,perfumes.note,"{'name': ""st. john's wort"", 'kor_name': '세인트 존스 워터'}"
854,perfumes.note,"{'name': 'star anise', 'kor_name': '스타아니스'}"
855,perfumes.note,"{'name': 'star apple', 'kor_name': '스타 애플'}"
856,perfumes.note,"{'name': 'starfish', 'kor_name': '스타피쉬'}"
857,perfumes.note,"{'name': 'stephanotis', 'kor_name': '스테파노티스'}"
858,perfumes.note,"{'name': 'strawberry', 'kor_name': '스트로베리'}"
859,perfumes.note,"{'name': 'strawberry leaf', 'kor_name': '스트로베리 리프'}"
860,perfumes.note,"{'name': 'strawberry syrup', 'kor_name': '스트로베리 시럽'}"
861,perfumes.note,"{'name': 'strelitzia', 'kor_name': '스트렐리치아'}"
862,perfumes.note,"{'name': 'strobilanthes callosus', 'kor_name': '스트로빌란테스 캘로서스'}"
863,perfumes.note,"{'name': 'styrax', 'kor_name': '스트락스'}"
864,perfumes.note,"{'name': 'suede', 'kor_name': '스웨이드'}"
865,perfumes.note,"{'name': 'sugar', 'kor_name': '슈가'}"
866,perfumes.note,"{'name': 'sumac', 'kor_name': '수막'}"
867,perfumes.note,"{'name': 'sundew', 'kor_name': '선듀'}"
868,perfumes.note,"{'name': 'sunflower', 'kor_name': '선플라워'}"
869,perfumes.note,"{'name': 'suntan lotion', 'kor_name': '선탠 로션'}"
870,perfumes.note,"{'name': 'surf wax', 'kor_name': '서프 왁스'}"
871,perfumes.note,"{'name': 'sweet grass', 'kor_name': '스위트 그래스'}"
872,perfumes.note,"{'name': 'sweet pea', 'kor_name': '스위트 피'}"
873,perfumes.note,"{'name': 'sycamore', 'kor_name': '사카모어'}"
874,perfumes.note,"{'name': 'sylkolide', 'kor_name': '실콜라이드'}"
875,perfumes.note,"{'name': 'syringa', 'kor_name': '시링가'}"
876,perfumes.note,"{'name': 'syrup', 'kor_name': '시럽'}"
877,perfumes.note,"{'name': 'taif rose', 'kor_name': '타이프 로즈'}"
878,perfumes.note,"{'name': 'takamaka', 'kor_name': '타카마카'}"
879,perfumes.note,"{'name': 'talc', 'kor_name': '탈크'}"
880,perfumes.note,"{'name': 'tamarind', 'kor_name': '타마린드'}"
881,perfumes.note,"{'name': 'tamarisk', 'kor_name': '타마리스크'}"
882,perfumes.note,"{'name': 'tangelo', 'kor_name': '탄젤로'}"
883,perfumes.note,"{'name': 'tangerine', 'kor_name': '탄젤린'}"
884,perfumes.note,"{'name': 'tangerine blossom', 'kor_name': '탄젤린 블라섬'}"
885,perfumes.note,"{'name': 'tansy', 'kor_name': '탠지'}"
886,perfumes.note,"{'name': 'tarragon', 'kor_name': '타라곤'}"
887,perfumes.note,"{'name': 'tayberry', 'kor_name': '테이베리'}"
888,perfumes.note,"{'name': 'tea', 'kor_name': '티'}"
889,perfumes.note,"{'name': 'tea tree oil', 'kor_name': '티 트리 오일'}"
890,perfumes.note,"{'name': 'teak wood', 'kor_name': '티크 우드'}"
891,perfumes.note,"{'name': 'tennis ball', 'kor_name': '테니스 볼'}"
892,perfumes.note,"{'name': 'tequila', 'kor_name': '테킬라'}"
893,perfumes.note,"{'name': 'thailand oud', 'kor_name': '타일랜드 우드'}"
894,perfumes.note,"{'name': 'thistle', 'kor_name': '씨슬'}"
895,perfumes.note,"{'name': 'thuja', 'kor_name': '슈저'}"
896,perfumes.note,"{'name': 'thyme', 'kor_name': '타임'}"
897,perfumes.note,"{'name': 'ti leaf (cordilyne)', 'kor_name': '코르딜리네'}"
898,perfumes.note,"{'name': 'tiare flower', 'kor_name': '티아레 플라워'}"
899,perfumes.note,"{'name': 'tiramisu', 'kor_name': '티라미수'}"
900,perfumes.note,"{'name': 'tobacco', 'kor_name': '토바코'}"
901,perfumes.note,"{'name': 'tobacco blossom', 'kor_name': '토바코 블라섬'}"
902,perfumes.note,"{'name': 'toffee', 'kor_name': '토피'}"
903,perfumes.note,"{'name': 'tokaji wine', 'kor_name': '토카지 와인'}"
904,perfumes.note,"{'name': 'tolu balsam', 'kor_name': '토루 리프'}"
905,perfumes.note,"{'name': 'tomato', 'kor_name': '토마토'}"
906,perfumes.note,"{'name': 'tomato leaf', 'kor_name': '토마토 리프'}"
907,perfumes.note,"{'name': 'tonic water', 'kor_name': '토닉 워터'}"
908,perfumes.note,"{'name': 'tonka bean', 'kor_name': '톤카 빈'}"
909,perfumes.note,"{'name': 'toscanol', 'kor_name': '토스카놀'}"
910,perfumes.note,"{'name': 'trillium', 'kor_name': '트릴리움'}"
911,perfumes.note,"{'name': 'tropical fruits', 'kor_name': '트로피카 푸르츠'}"
912,perfumes.note,"{'name': 'truffle', 'kor_name': '트러플'}"
913,perfumes.note,"{'name': 'tuberose', 'kor_name': '터브로즈'}"
914,perfumes.note,"{'name': 'tulip', 'kor_name': '튤립'}"
915,perfumes.note,"{'name': 'tulle accord', 'kor_name': '툴레 어코드'}"
916,perfumes.note,"{'name': 'tulsi', 'kor_name': '튤시'}"
917,perfumes.note,"{'name': 'turnera diffusa (damiana)', 'kor_name': '다미아나'}"
918,perfumes.note,"{'name': 'umbu-caja | tapereba', 'kor_name': '타페레바'}"
919,perfumes.note,"{'name': 'valerian', 'kor_name': '발레리안'}"
920,perfumes.note,"{'name': 'vanilla', 'kor_name': '바닐라'}"
921,perfumes.note,"{'name': 'varnish accord', 'kor_name': '바니쉬 어코드'}"
922,perfumes.note,"{'name': 'velvet', 'kor_name': '벨벳'}"
923,perfumes.note,"{'name': 'vermouth', 'kor_name': '베르무트'}"
924,perfumes.note,"{'name': 'vetiver', 'kor_name': '베티버'}"
925,perfumes.note,"{'name': 'vine', 'kor_name': '바인'}"
926,perfumes.note,"{'name': 'vinyl', 'kor_name': '빈일'}"
927,perfumes.note,"{'name': 'violet', 'kor_name': '바이올렛'}"
928,perfumes.note,"{'name': 'violet leaf', 'kor_name': '바이올렛 리프'}"
929,perfumes.note,"{'name': 'violet woodsorrel', 'kor_name': '바이올렛 우두소렐'}"
930,perfumes.note,"{'name': 'vodka', 'kor_name': '보드카'}"
931,perfumes.note,"{'name': 'wallflower', 'kor_name': '월프 플라워'}"
932,perfumes.note,"{'name': 'walnut', 'kor_name': '월넛'}"
933,perfumes.note,"{'name': 'wan sao lhong', 'kor_name': '완 사오 롱'}"
934,perfumes.note,"{'name': 'wasabi', 'kor_name': '와사비'}"
935,perfumes.note,"{'name': 'water', 'kor_name': '워터'}"
936,perfumes.note,"{'name': 'water fruit', 'kor_name': '워터 푸르츠'}"
937,perfumes.note,"{'name': 'water hyacinth', 'kor_name': '워터 히아신스'}"
938,perfumes.note,"{'name': 'water lily', 'kor_name': '워터 릴리'}"
939,perfumes.note,"{'name': 'water pepper', 'kor_name': '워터 페퍼'}"
940,perfumes.note,"{'name': 'watermelon', 'kor_name': '워터멜론'}"
941,perfumes.note,"{'name': 'west indian bay', 'kor_name': '웨스트 인디안 베이'}"
942,perfumes.note,"{'name': 'wet plaster', 'kor_name': '웻 플래스터'}"
943,perfumes.note,"{'name': 'wheat', 'kor_name': '위트'}"
944,perfumes.note,"{'name': 'whiskey', 'kor_name': '위스키'}"
945,perfumes.note,"{'name': 'white chocolate', 'kor_name': '화이트 초콜릿'}"
946,perfumes.note,"{'name': 'white currant', 'kor_name': '화이트 커런트'}"
947,perfumes.note,"{'name': 'white flowers', 'kor_name': '화이트 플라워'}"
948,perfumes.note,"{'name': 'white ginger lily', 'kor_name': '화이트 진저 릴리'}"
949,perfumes.note,"{'name': 'white oud', 'kor_name': '화이트 오드'}"
950,perfumes.note,"{'name': 'white tobacco', 'kor_name': '화이트 토바코'}"
951,perfumes.note,"{'name': 'white willow', 'kor_name': '화이트 윌로우'}"
952,perfumes.note,"{'name': 'white wine', 'kor_name': '화이트 와인'}"
953,perfumes.note,"{'name': 'wild strawberry', 'kor_name': '와일드 스트로베리'}"
954,perfumes.note,"{'name': 'wildflowers', 'kor_name': '와일드 플라워'}"
955,perfumes.note,"{'name': 'wine lees', 'kor_name': '와인 리스'}"
956,perfumes.note,"{'name': 'winterberry', 'kor_name': '윈터베리'}"
957,perfumes.note,"{'name': 'wisteria', 'kor_name': '위스테리아'}"
958,perfumes.note,"{'name': 'wolfberry', 'kor_name': '울프베리'}"
959,perfumes.note,"{'name': 'woody notes', 'kor_name': '우드 노트'}"
960,perfumes.note,"{'name': 'woody zion', 'kor_name': '우디 시온'}"
961,perfumes.note,"{'name': 'wool', 'kor_name': '울'}"
962,perfumes.note,"{'name': 'wormwood', 'kor_name': '웜우드'}"
963,perfumes.note,"{'name': 'wrightia', 'kor_name': '라이티아'}"
964,perfumes.note,"{'name': 'yarrow', 'kor_name': '얘로'}"
965,perfumes.note,"{'name': 'yellow cherry', 'kor_name': '애로 체리'}"
966,perfumes.note,"{'name': 'ylang-ylang', 'kor_name': '일랑-일랑'}"
967,perfumes.note,"{'name': 'yogurt', 'kor_name': '요거트'}"
968,perfumes.note,"{'name': 'yohimbe', 'kor_name': '요힘베'}"
969,perfumes.note,"{'name': 'yumberry', 'kor_name': '염베리'}"
970,perfumes.note,"{'name': 'yunnan red tea', 'kor_name': '원난 레드 티'}"
971,perfumes.note,"{'name': 'yuzu', 'kor_name': '유즈'}"
972,perfumes.note,"{'name': 'yuzu flower', 'kor_name': '유즈 플라워'}"
973,perfumes.note,"{'name': 'zinnia', 'kor_name': '진니아'}"
