,base_notes
0,amber
1,leather
2,sandalwood
3,cedar
4,oakmoss
5,patchouli
6,vanilla
7,vetiver
8,amber
9,cedar
10,patchouli
11,sandalwood
12,amber
13,labdanum
14,patchouli
15,tonka bean
16,agarwood (oud)
17,ambergris
18,labdanum
19,musk
20,oakmoss
21,olibanum (frankincense)
22,patchouli
23,sandalwood
24,ambroxan
25,jasmine
26,patchouli
27,tobacco
28,tonka bean
29,vanilla
30,hyacinth
31,patchouli
32,tonka bean
33,olibanum (frankincense)
34,agarwood (oud)
35,guaiac wood
36,sandalwood
37,iris
38,vetiver
39,chocolate flower
40,coconut
41,orris root
42,vanilla
43,cedar
44,patchouli
45,sandalwood
46,cypriol oil or nagarmotha
47,labdanum
48,musk
49,oakmoss
50,agarwood (oud)
51,ambergris
52,cedar
53,myrrh
54,patchouli
55,amber
56,musk
57,patchouli
58,agarwood (oud)
59,musk
60,patchouli
61,tonka bean
62,vanilla
63,ambergris
64,amyris
65,birch
66,cedar
67,cypriol oil or nagarmotha
68,elemi
69,labdanum
70,leather
71,musk
72,oakmoss
73,patchouli
74,pink pepper
75,saffron
76,sandalwood
77,vanilla
78,agarwood (oud)
79,amber
80,musk
81,patchouli
82,vanilla
83,vetiver
84,amber
85,labdanum
86,patchouli
87,vanilla
88,vetiver
89,musk
90,patchouli
91,cedar
92,leather
93,oakmoss
94,patchouli
95,sandalwood
96,amber
97,indian spices
98,musk
99,myrrh
100,vetiver
101,cedar
102,patchouli
103,tonka bean
104,musk
105,tonka bean
106,amber
107,jasmine
108,musk
109,agarwood (oud)
110,oakmoss
111,vanilla
112,cashmeran
113,cedar
114,patchouli
115,tonka bean
116,vetiver
117,amber
118,musk
119,patchouli
120,sandalwood
121,amber
122,sandalwood
123,amber
124,sandalwood
125,vanilla
126,musk
127,sandalwood
128,cashmir wood
129,musk
130,patchouli
131,sandalwood
132,agarwood (oud)
133,amber
134,leather
135,suede
136,labdanum
137,tonka bean
138,guaiac wood
139,patchouli
140,tonka bean
141,ambergris
142,birch
143,patchouli
144,vanilla
145,clearwood
146,oakmoss
147,vetiver
148,amber
149,cashmeran
150,musk
151,sandalwood
152,toffee
153,tonka bean
154,vanilla
155,patchouli
156,sandalwood
157,tonka bean
158,vanilla
159,amber
160,patchouli
161,tonka bean
162,agarwood (oud)
163,jasmine
164,musk
165,patchouli
166,agarwood (oud)
167,amber
168,musk
169,vanilla
170,vetiver
171,ambroxan
172,iso e super
173,patchouli
174,musk
175,sandalwood
176,vanilla
177,myrrh
178,sandalwood
179,vanilla
180,amber
181,jasmine
182,leather
183,musk
184,patchouli
185,vanilla
186,agarwood (oud)
187,vetiver
188,agarwood (oud)
189,ambergris
190,guaiac wood
191,sandalwood
192,vanilla
193,vanilla
194,vanilla
195,amber
196,musk
197,amber
198,musk
199,ambergris
200,musk
201,oakmoss
202,labdanum
203,amber
204,musk
205,vanilla
206,cypress
207,sandalwood
208,vetiver
209,patchouli
210,vetiver
211,musk
212,musk
213,oakmoss
214,salt
215,cedar
216,tonka bean
217,patchouli
218,sandalwood
219,vetiver
220,amber
221,patchouli
222,musk
223,vetiver
224,leather
225,birch
226,oakmoss
227,ambroxan
228,oakmoss
229,patchouli
230,sandalwood
231,amber
232,ambrette (musk mallow)
233,musk
234,tonka bean
235,musk
236,vanilla
237,ambergris
238,amberwood
239,cedar
240,musk
241,patchouli
242,sandalwood
243,leather
244,musk
245,patchouli
246,sandalwood
247,castoreum
248,oakmoss
249,musk
250,vanilla
251,patchouli
252,amber
253,chocolate flower
254,jasmine
255,patchouli
256,sandalwood
257,vanilla
258,vetiver
259,amber
260,birch
261,patchouli
262,sandalwood
263,cedar
264,sandalwood
265,tonka bean
266,agarwood (oud)
267,amber
268,cedar
269,musk
270,oakmoss
271,patchouli
272,sandalwood
273,tonka bean
274,vanilla
275,vetiver
276,cashmir wood
277,vetiver
278,amber
279,heliotrope
280,leather
281,suede
282,vanilla
283,cardamom
284,dark chocolate
285,musk
286,peach
287,ambergris
288,leather
289,oakmoss
290,tobacco
291,cashmeran
292,tonka bean
293,vanilla
294,ambretone
295,musk
296,patchouli
297,tokaji wine
298,vanilla
299,agarwood (oud)
300,sandalwood
301,vetiver
302,musk
303,sandalwood
304,agarwood (oud)
305,musk
306,oakmoss
307,ambergris
308,cedar
309,civet
310,musk
311,opoponax
312,orris root
313,patchouli
314,sandalwood
315,vanilla
316,vetiver
317,musk
318,patchouli
319,amber
320,leather
321,sandalwood
322,vanilla
323,cedar
324,leather
325,myrrh
326,olibanum (frankincense)
327,amber
328,tobacco
329,vanilla
330,cedar
331,musk
332,vetiver
333,papyrus
334,ambergris
335,leather
336,tobacco
337,agarwood (oud)
338,amber
339,vetiver
340,musk
341,opoponax
342,vanilla
343,cedar
344,agarwood (oud)
345,amber
346,leather
347,musk
348,vetiver
349,cedar
350,musk
351,patchouli
352,vanilla
353,leather
354,patchouli
355,amber
356,suede
357,tonka bean
358,vanilla
359,cashmeran
360,myrrh
361,vanilla
362,agarwood (oud)
363,cedar
364,patchouli
365,amber
366,cedar
367,musk
368,patchouli
369,vetiver
370,vetiver
371,sandalwood
372,vanilla
373,vetiver
374,agarwood (oud)
375,cashmeran
376,jasmine
377,musk
378,vanilla
379,musk
380,oakmoss
381,musk
382,musk
383,oakmoss
384,sandalwood
385,tonka bean
386,amber
387,musk
388,vanilla
389,ambroxan
390,cedar
391,musk
392,patchouli
393,tokaji wine
394,ambergris
395,coconut
396,geranium
397,leather
398,musk
399,sandalwood
400,amber
401,musk
402,cashmeran
403,cedar
404,oakmoss
405,oakmoss
406,sandalwood
407,vanilla
408,amber
409,cedar
410,patchouli
411,vanilla
412,amber
413,oakmoss
414,patchouli
415,sandalwood
416,vanilla
417,oakmoss
418,vanilla
419,patchouli
420,honey
421,patchouli
422,vetiver
423,cedar
424,musk
425,amberwood
426,musk
427,sandalwood
428,vetiver
429,ambergris
430,musk
431,orris root
432,patchouli
433,sandalwood
434,vanilla
435,ambergris
436,ambretone
437,carrot seeds
438,cedar
439,cloves
440,juniper
441,labdanum
442,leather
443,oakmoss
444,orris root
445,patchouli
446,styrax
447,tolu balsam
448,cedar
449,musk
450,patchouli
451,vanilla
452,musk
453,oakmoss
454,sandalwood
455,oakmoss
456,tonka bean
457,vetiver
458,amber
459,musk
460,sandalwood
461,vanilla
462,amber
463,musk
464,sandalwood
465,amber
466,vanilla
467,lily
468,musk
469,musk
470,sandalwood
471,vanilla
472,patchouli
473,tobacco
474,vetiver
475,agarwood (oud)
476,amber
477,labdanum
478,amber
479,vetiver
480,amber
481,suede
482,patchouli
483,amber
484,heliotrope
485,tokaji wine
486,jasmine orchid
487,musk
488,vetiver
489,sandalwood
490,ambergris
491,musk
492,oakmoss
493,sandalwood
494,ambroxan
495,musk
496,patchouli
497,cedar
498,musk
499,sandalwood
500,patchouli
501,patchouli
502,sandalwood
503,vetiver
504,amber
505,vanilla
506,cedar
507,patchouli
508,vetiver
509,sandalwood
510,suede
511,vetiver
512,patchouli
513,amber
514,patchouli
515,vetiver
516,caramel
517,musk
518,patchouli
519,vanilla
520,oak
521,patchouli
522,musk
523,sandalwood
524,amber
525,musk
526,patchouli
527,ambergris
528,birch
529,musk
530,patchouli
531,vanilla
532,vanilla
533,woody notes
534,jasmine
535,patchouli
536,tonka bean
537,amber
538,cashmeran
539,cedar
540,patchouli
541,tonka bean
542,vanilla
543,vetiver
544,suede
545,cedar
546,guaiac wood
547,musk
548,oakmoss
549,vetiver
550,musk
551,coconut
552,vanilla
553,ambergris
554,suede
555,vetiver
556,amber
557,musk
558,orange blossom
559,iris
560,leather
561,musk
562,vanilla
563,agarwood (oud)
564,labdanum
565,musk
566,patchouli
567,ambergris
568,musk
569,vanilla
570,agarwood (oud)
571,amber
572,vetiver
573,musk
574,sandalwood
575,agarwood (oud)
576,cardamom
577,musk
578,iris
579,leather
580,amber
581,musk
582,sandalwood
583,amber
584,papyrus
585,vetiver
586,cashmeran
587,cedar
588,musk
589,sandalwood
590,tonka bean
591,vetiver
592,praline
593,coconut
594,sandalwood
595,amber
596,musk
597,patchouli
598,vanilla
599,peru balsam
600,sandalwood
601,sandalwood
602,tobacco
603,amber
604,sandalwood
605,jasmine
606,resins
607,strawberry
608,woody notes
609,chocolate flower
610,milk
611,musk
612,vanilla
613,musk
614,sandalwood
615,amber
616,cedar
617,musk
618,amber
619,cedar
620,agarwood (oud)
621,cedar
622,cinnamon
623,cloves
624,hazelnut cocoa spread
625,leather
626,musk
627,oakmoss
628,patchouli
629,pink pepper
630,saffron
631,sandalwood
632,vanilla
633,agarwood (oud)
634,ambergris
635,birch
636,cashmeran
637,cedar
638,cloves
639,labdanum
640,musk
641,orris root
642,patchouli
643,saffron
644,sandalwood
645,styrax
646,vanilla
647,amber
648,cinnamon
649,cloves
650,musk
651,patchouli
652,sandalwood
653,agarwood (oud)
654,birch
655,cashmeran
656,cinnamon
657,cloves
658,cypriol oil or nagarmotha
659,labdanum
660,musk
661,oakmoss
662,patchouli
663,saffron
664,sandalwood
665,vanilla
666,birch
667,cedar
668,cloves
669,cumin
670,cypriol oil or nagarmotha
671,galbanum
672,guaiac wood
673,labdanum
674,leather
675,musk
676,nutmeg
677,oakmoss
678,olibanum (frankincense)
679,patchouli
680,tonka bean
681,vetiver
682,musk
683,sandalwood
684,musk
685,vanilla
686,woody notes
687,musk
688,leather
689,patchouli
690,vetiver
691,cedar
692,sandalwood
693,vanilla
694,tonka bean
695,amber
696,vanilla
697,leather
698,patchouli
699,sandalwood
700,agarwood (oud)
701,amber
702,musk
703,oakmoss
704,papyrus
705,sandalwood
706,cedar
707,musk
708,orris root
709,sandalwood
710,birch tar
711,sandalwood
712,vanilla
713,vetiver
714,oakmoss
715,patchouli
716,sandalwood
717,amber
718,civet
719,musk
720,oakmoss
721,vetiver
722,amber
723,musk
724,musk
725,amber
726,ambergris
727,civet
728,musk
729,oakmoss
730,vetiver
731,ambergris
732,civet
733,musk
734,oakmoss
735,opoponax
736,patchouli
737,sandalwood
738,tonka bean
739,vanilla
740,vetiver
741,amber
742,musk
743,oakmoss
744,patchouli
745,sandalwood
746,vetiver
747,tokaji wine
748,vanilla
749,agarwood (oud)
750,ambergris
751,musk
752,patchouli
753,sandalwood
754,styrax
755,vanilla
756,vetiver
757,amber
758,leather
759,musk
760,cardamom
761,musk
762,birch
763,musk
764,oak
765,patchouli
766,sandalwood
767,cedar
768,sandalwood
769,vanilla
770,oakmoss
771,patchouli
772,vetiver
773,cedar
774,vetiver
775,ambroxan
776,musk
777,almond
778,amber
779,beeswax
780,cedar
781,hazelnut cocoa spread
782,musk
783,patchouli
784,agarwood (oud)
785,leather
786,musk
787,vanilla
788,musk
789,tonka bean
790,ambroxan
791,cedar
792,elemi
793,patchouli
794,cypress
795,musk
796,sandalwood
797,vanilla
798,cedar
799,orris root
800,sandalwood
801,vetiver
802,amyris
803,musk
804,musk
805,patchouli
806,tonka bean
807,vanilla
808,agarwood (oud)
809,cardamom
810,sandalwood
811,musk
812,sandalwood
813,caramel
814,coffee
815,agarwood (oud)
816,cashmeran
817,agarwood (oud)
818,amber
819,jasmine
820,musk
821,olibanum (frankincense)
822,white chocolate
823,musk
824,tonka bean
825,vanilla
826,musk
827,tonka bean
828,vanilla
829,sandalwood
830,leather
831,oakmoss
832,clearwood
833,orris root
834,sandalwood
835,ambrette (musk mallow)
836,mate
837,cedar
838,tonka bean
839,vanilla
840,akigalawood
841,amber
842,cedar
843,musk
844,vanilla
845,myrrh
846,sandalwood
847,musk
848,sandalwood
849,amber xtreme
850,suede
851,agarwood (oud)
852,guaiac wood
853,leather
854,oakmoss
855,patchouli
856,vetiver
857,cedar
858,oakmoss
859,amber
860,blackberry
861,musk
862,raspberry
863,ambergris
864,cedar
865,oakmoss
866,ambergris
867,patchouli
868,sandalwood
869,tobacco
870,vanilla
871,musk
872,vanilla
873,patchouli
874,vanilla
875,hazelnut cocoa spread
876,leather
877,musk
878,sandalwood
879,amberwood
880,amber xtreme
881,guaiac wood
882,musk
883,patchouli
884,tonka bean
885,musk
886,vanilla
887,agarwood (oud)
888,cedar
889,labdanum
890,patchouli
891,tonka bean
892,cedar
893,musk
894,vetiver
895,ambergris
896,cedar
897,sandalwood
898,white oud
899,jasmine
900,oakmoss
901,vetiver
902,myrrh
903,guaiac wood
904,marshmallow
905,patchouli
906,saffron
907,vanilla
908,agarwood (oud)
909,cedar
910,jasmine
911,patchouli
912,sandalwood
913,vetiver
914,heliotrope
915,musk
916,agarwood (oud)
917,musk
918,sandalwood
919,vanilla
920,sandalwood
921,vanilla
922,vetiver
923,cedar
924,musk
925,patchouli
926,sandalwood
927,honey
928,musk
929,cashmeran
930,musk
931,cedar
932,musk
933,vetiver
934,amber
935,musk
936,castoreum
937,patchouli
938,vetiver
939,amber
940,cedar
941,civet
942,leather
943,musk
944,oakmoss
945,styrax
946,vanilla
947,vetiver
948,sandalwood
949,civet
950,jasmine
951,patchouli
952,suede
953,tonka bean
954,vetiver
955,musk
956,tonka bean
957,vanilla
958,ambergris
959,musk
960,sandalwood
961,tonka bean
962,ambergris
963,tonka bean
964,vetiver
965,amber
966,tobacco
967,vanilla
968,patchouli
969,vetiver
970,honey
971,musk
972,amber
973,vanilla
974,vetiver
975,cedar
976,musk
977,vanilla
978,guaiac wood
979,musk
980,vetiver
981,amber
982,coffee
983,guaiac wood
984,musk
985,sandalwood
986,vanilla
987,amber
988,cloves
989,jasmine
990,musk
991,patchouli
992,cedar
993,vanilla
994,vetiver
995,vetiver
996,tonka bean
997,vanilla
998,cedar
999,oakmoss
1000,vanilla
1001,musk
1002,ambroxan
1003,cypriol oil or nagarmotha
1004,vanilla
1005,vetiver
1006,musk
1007,oakmoss
1008,patchouli
1009,vanilla
1010,vetiver
1011,jasmine
1012,patchouli
1013,iris
1014,labdanum
1015,musk
1016,myrrh
1017,sandalwood
1018,amber
1019,cedar
1020,musk
1021,sandalwood
1022,agarwood (oud)
1023,ambergris
1024,coffee
1025,cumin
1026,sandalwood
1027,ambergris
1028,driftwood
1029,musk
1030,ambrette (musk mallow)
1031,angelica
1032,cedar
1033,cedar
1034,orris root
1035,tonka bean
1036,leather
1037,oakmoss
1038,vanilla
1039,agarwood (oud)
1040,civet
1041,musk
1042,sandalwood
1043,tonka bean
1044,vanilla
1045,vetiver
1046,cedar
1047,cloves
1048,musk
1049,vanilla
1050,agarwood (oud)
1051,amber
1052,musk
1053,sandalwood
1054,amber
1055,sandalwood
1056,vanilla
1057,vanilla
1058,amber
1059,musk
1060,vanilla
1061,sandalwood
1062,cypriol oil or nagarmotha
1063,labdanum
1064,patchouli
1065,amber
1066,patchouli
1067,vetiver
1068,musk
1069,styrax
1070,vetiver
1071,cedar
1072,musk
1073,vetiver
1074,tonka bean
1075,leather
1076,musk
1077,ambergris
1078,castoreum
1079,oakmoss
1080,amber
1081,musk
1082,sandalwood
1083,vanilla
1084,patchouli
1085,tonka bean
1086,vanilla
1087,agarwood (oud)
1088,amber xtreme
1089,amber
1090,cedar
1091,musk
1092,vanilla
1093,leather
1094,musk
1095,sandalwood
1096,tobacco
1097,ambergris
1098,civet
1099,leather
1100,myrrh
1101,olibanum (frankincense)
1102,patchouli
1103,vanilla
1104,civet
1105,labdanum
1106,leather
1107,oakmoss
1108,orris root
1109,rose
1110,vetiver
1111,amber
1112,musk
1113,patchouli
1114,sandalwood
1115,vetiver
1116,labdanum
1117,leather
1118,oakmoss
1119,patchouli
1120,sandalwood
1121,tobacco
1122,violet
1123,sandalwood
1124,vanilla
1125,violet leaf
1126,geranium
1127,leather
1128,licorice
1129,musk
1130,patchouli
1131,vanilla
1132,amber
1133,leather
1134,patchouli
1135,vanilla
1136,amber
1137,labdanum
1138,myrrh
1139,ambroxan
1140,cedar
1141,musk
1142,white chocolate
1143,amber
1144,musk
1145,agarwood (oud)
1146,ambergris
1147,guaiac wood
1148,honey
1149,musk
1150,patchouli
1151,resins
1152,smoke
1153,vetiver
1154,patchouli
1155,iris
1156,musk
1157,sandalwood
1158,vanilla
1159,caramel
1160,musk
1161,sandalwood
1162,tonka bean
1163,vanilla
1164,amber
1165,labdanum
1166,leather
1167,vanilla
1168,amber
1169,suede
1170,amber
1171,leather
1172,myrrh
1173,oakmoss
1174,musk
1175,sandalwood
1176,vanilla
1177,ambroxan
1178,musk
1179,clary sage
1180,musk
1181,tonka bean
1182,agarwood (oud)
1183,amber
1184,labdanum
1185,oakmoss
1186,amber
1187,musk
1188,vanilla
1189,papyrus
1190,tonka bean
1191,vetiver
1192,cedar
1193,leather
1194,patchouli
1195,sandalwood
1196,agarwood (oud)
1197,patchouli
1198,tobacco
1199,amber
1200,leather
1201,musk
1202,vanilla
1203,musk
1204,styrax
1205,myrrh
1206,olibanum (frankincense)
1207,opoponax
1208,styrax
1209,amber
1210,cedar
1211,musk
1212,sandalwood
1213,tonka bean
1214,cedar
1215,leather
1216,vetiver
1217,cedar
1218,musk
1219,orris root
1220,sandalwood
1221,vanilla
1222,agarwood (oud)
1223,amber
1224,leather
1225,myrrh
1226,leather
1227,patchouli
1228,oakmoss
1229,sandalwood
1230,agarwood (oud)
1231,amber
1232,leather
1233,cedar
1234,leather
1235,musk
1236,sandalwood
1237,amber
1238,musk
1239,jasmine
1240,musk
1241,amber
1242,cedar
1243,indian spices
1244,musk
1245,vanilla
1246,agarwood (oud)
1247,rose
1248,cedar
1249,musk
1250,patchouli
1251,sandalwood
1252,vanilla
1253,cedar
1254,musk
1255,sandalwood
1256,vetiver
1257,patchouli
1258,vetiver
1259,agarwood (oud)
1260,oakmoss
1261,patchouli
1262,vetiver
1263,cedar
1264,250
1265,myrrh
1266,olibanum (frankincense)
1267,tonka bean
1268,amber
1269,leather
1270,patchouli
1271,sandalwood
1272,agarwood (oud)
1273,amber
1274,cedar
1275,musk
1276,sandalwood
1277,guaiac wood
1278,patchouli
1279,vetiver
1280,agarwood (oud)
1281,tolu balsam
1282,vanilla
1283,orris root
1284,vanilla
1285,vetiver
1286,cashmeran
1287,patchouli
1288,castoreum
1289,leather
1290,myrrh
1291,patchouli
1292,vetiver
1293,jasmine
1294,patchouli
1295,sandalwood
1296,cashmeran
1297,cedar
1298,musk
1299,amber
1300,cade oil
1301,castoreum
1302,cedar
1303,civet
1304,cypriol oil or nagarmotha
1305,hay
1306,hyraceum
1307,immortelle
1308,labdanum
1309,leather
1310,musk
1311,myrrh
1312,olibanum (frankincense)
1313,sandalwood
1314,tobacco
1315,tokaji wine
1316,cedar
1317,mimosa
1318,sandalwood
1319,tokaji wine
1320,vetiver
1321,amber
1322,cade oil
1323,castoreum
1324,cedar
1325,civet
1326,hay
1327,hyraceum
1328,immortelle
1329,labdanum
1330,leather
1331,lily-of-the-valley
1332,musk
1333,myrrh
1334,olibanum (frankincense)
1335,patchouli
1336,tobacco
1337,tokaji wine
1338,ambergris
1339,musk
1340,sandalwood
1341,tonka bean
1342,agarwood (oud)
1343,amber
1344,leather
1345,ambergris
1346,birch
1347,patchouli
1348,vanilla
1349,ambergris
1350,cedar
1351,labdanum
1352,leather
1353,musk
1354,vanilla
1355,vetiver
1356,amber
1357,labdanum
1358,musk
1359,sandalwood
1360,jasmine orchid
1361,agarwood (oud)
1362,amber
1363,cedar
1364,musk
1365,agarwood (oud)
1366,amber
1367,cedar
1368,musk
1369,musk
1370,sandalwood
1371,vetiver
1372,ambretone
1373,labdanum
1374,patchouli
1375,vetiver
1376,cashmeran
1377,vanilla
1378,patchouli
1379,amber
1380,cedar
1381,vanilla
1382,vanilla
1383,jasmine
1384,leather
1385,vetiver
1386,amber
1387,musk
1388,patchouli
1389,vanilla
1390,opoponax
1391,amberwood
1392,patchouli
1393,agarwood (oud)
1394,amber
1395,cashmir wood
1396,musk
1397,cedar
1398,white chocolate
1399,vetiver
1400,labdanum
1401,patchouli
1402,tonka bean
1403,woody notes
1404,agarwood (oud)
1405,cedar
1406,vanilla
1407,agarwood (oud)
1408,amber
1409,tonka bean
1410,cedar
1411,musk
1412,amber
1413,cedar
1414,oakmoss
1415,amber
1416,musk
1417,oakmoss
1418,leather
1419,amber xtreme
1420,cedar
1421,amber
1422,guaiac wood
1423,musk
1424,vanilla
1425,musk
1426,vanilla
1427,musk
1428,vanilla
1429,musk
1430,vanilla
1431,ambroxan
1432,myrrh
1433,agarwood (oud)
1434,praline
1435,agarwood (oud)
1436,amber
1437,musk
1438,agarwood (oud)
1439,musk
1440,musk
1441,oakmoss
1442,cardamom
1443,salt
1444,vetiver
1445,cashmeran
1446,patchouli
1447,vetiver
1448,musk
1449,sandalwood
1450,ambrette (musk mallow)
1451,iris
1452,musk
1453,opoponax
1454,sandalwood
1455,vanilla
1456,vetiver
1457,lily-of-the-valley
1458,musk
1459,vanilla
1460,white flowers
1461,cedar
1462,oakmoss
1463,sandalwood
1464,musk
1465,vanilla
1466,leather
1467,vetiver
1468,musk
1469,opoponax
1470,vanilla
1471,agarwood (oud)
1472,labdanum
1473,vanilla
1474,ambrette (musk mallow)
1475,heliotrope
1476,amber
1477,cedar
1478,mate
1479,myrrh
1480,patchouli
1481,oakmoss
1482,sandalwood
1483,vetiver
1484,ylang-ylang
1485,musk
1486,osmanthus
1487,patchouli
1488,oakmoss
1489,patchouli
1490,sandalwood
1491,tonka bean
1492,vanilla
1493,vetiver
1494,sandalwood
1495,coffee
1496,leather
1497,patchouli
1498,tonka bean
1499,amber
1500,musk
1501,cedar
1502,leather
1503,vanilla
1504,sandalwood
1505,vanilla
1506,sandalwood
1507,styrax
1508,vanilla
1509,tonka bean
1510,vanilla
1511,amber
1512,cedar
1513,amber
1514,cashmeran
1515,vetiver
1516,musk
1517,amber
1518,ambergris
1519,civet
1520,leather
1521,musk
1522,oakmoss
1523,patchouli
1524,sandalwood
1525,ambroxan
1526,angelica
1527,musk
1528,orris root
1529,labdanum
1530,musk
1531,patchouli
1532,guaiac wood
1533,patchouli
1534,ambrarome
1535,birch
1536,cedar
1537,patchouli
1538,sandalwood
1539,vetiver
1540,patchouli
1541,sandalwood
1542,vanilla
1543,amberwood
1544,tobacco
1545,ambergris
1546,vanilla
1547,agarwood (oud)
1548,cedar
1549,vanilla
1550,amber
1551,musk
1552,cedar
1553,agarwood (oud)
1554,patchouli
1555,vanilla
1556,agarwood (oud)
1557,amber
1558,jasmine
1559,cedar
1560,sandalwood
1561,labdanum
1562,olibanum (frankincense)
1563,vanilla
1564,cypriol oil or nagarmotha
1565,musk
1566,patchouli
1567,vanilla
1568,vetiver
1569,musk
1570,tobacco
1571,agarwood (oud)
1572,amber
1573,leather
1574,musk
1575,patchouli
1576,sandalwood
1577,tobacco
1578,vetiver
1579,leather
1580,tokaji wine
1581,vanilla
1582,vetiver
1583,tonka bean
1584,vanilla
1585,vetiver
1586,amber
1587,driftwood
1588,musk
1589,amber
1590,amber
1591,vanilla
1592,amber
1593,patchouli
1594,sandalwood
1595,vanilla
1596,vetiver
1597,patchouli
1598,patchouli
1599,vanilla
1600,salt
1601,toffee
1602,sandalwood
1603,vetiver
1604,amber
1605,leather
1606,tokaji wine
1607,suede
1608,vanilla
1609,sandalwood
1610,tonka bean
1611,agarwood (oud)
1612,vanilla
1613,ambergris
1614,musk
1615,cedar
1616,patchouli
1617,vanilla
1618,vetiver
1619,cedar
1620,peru balsam
1621,sandalwood
1622,vetiver
1623,vetiver
1624,patchouli
1625,vanilla
1626,agarwood (oud)
1627,amber
1628,vanilla
1629,green notes
1630,jasmine
1631,labdanum
1632,hazelnut cocoa spread
1633,tonka bean
1634,patchouli
1635,ambergris
1636,styrax
1637,tolu balsam
1638,amber
1639,cedar
1640,civet
1641,cloves
1642,cumin
1643,leather
1644,musk
1645,oakmoss
1646,orris root
1647,patchouli
1648,sandalwood
1649,styrax
1650,tonka bean
1651,vanilla
1652,musk
1653,oakmoss
1654,amber xtreme
1655,musk
1656,patchouli
1657,heliotrope
1658,sandalwood
1659,cashmeran
1660,sandalwood
1661,tonka bean
1662,patchouli
1663,tolu balsam
1664,vanilla
1665,musk
1666,vanilla
1667,amber
1668,musk
1669,vanilla
1670,amber
1671,suede
1672,tonka bean
1673,vanilla
1674,oakmoss
1675,patchouli
1676,labdanum
1677,oakmoss
1678,patchouli
1679,vetiver
1680,labdanum
1681,oakmoss
1682,tonka bean
1683,vanilla
1684,vetiver
1685,leather
1686,oakmoss
1687,musk
1688,opoponax
1689,agarwood (oud)
1690,amber
1691,caramel
1692,cashmeran
1693,musk
1694,vanilla
1695,amber
1696,leather
1697,musk
1698,vanilla
1699,musk
1700,sandalwood
1701,vanilla
1702,jasmine orchid
1703,musk
1704,sandalwood
1705,amber
1706,cashmir wood
1707,cedar
1708,guaiac wood
1709,musk
1710,myrrh
1711,ambroxan
1712,leather
1713,patchouli
1714,vanilla
1715,agarwood (oud)
1716,amber
1717,leather
1718,musk
1719,tobacco
1720,tonka bean
1721,vanilla
1722,amber
1723,musk
1724,sandalwood
1725,amber
1726,guaiac wood
1727,musk
1728,oakmoss
1729,tonka bean
1730,amber
1731,oakmoss
1732,sandalwood
1733,vanilla
1734,cedar
1735,civet
1736,iris
1737,patchouli
1738,sandalwood
1739,tonka bean
1740,vanilla
1741,vetiver
1742,agarwood (oud)
1743,almond
1744,ambergris
1745,iris
1746,musk
1747,patchouli
1748,powdery notes
1749,rhubarb
1750,saffron
1751,sandalwood
1752,vanilla
1753,ambergris
1754,castoreum
1755,cinnamon
1756,indian spices
1757,musk
1758,oakmoss
1759,orris root
1760,peru balsam
1761,sandalwood
1762,vanilla
1763,jasmine
1764,patchouli
1765,musk
1766,patchouli
1767,sandalwood
1768,tonka bean
1769,sandalwood
1770,vanilla
1771,ambergris
1772,birch
1773,floral notes
1774,musk
1775,vanilla
1776,sandalwood
1777,tonka bean
1778,vanilla
1779,musk
1780,amber
1781,musk
1782,oakmoss
1783,oakmoss
1784,patchouli
1785,vetiver
1786,vetiver
1787,iris
1788,musk
1789,patchouli
1790,sandalwood
1791,amber
1792,vanilla
1793,vetiver
1794,jasmine
1795,musk
1796,musk
1797,oakmoss
1798,patchouli
1799,cedar
1800,jasmine
1801,musk
1802,musk
1803,patchouli
1804,tonka bean
1805,cashmeran
1806,musk
1807,amber
1808,guaiac wood
1809,honey
1810,cedar
1811,driftwood
1812,marshmallow
1813,musk
1814,cedar
1815,musk
1816,patchouli
1817,sandalwood
1818,vanilla
1819,myrrh
1820,olibanum (frankincense)
1821,patchouli
1822,sandalwood
1823,amber
1824,jasmine
1825,patchouli
1826,vetiver
1827,cedar
1828,vetiver
1829,cedar
1830,musk
1831,cedar
1832,oakmoss
1833,vetiver
1834,amber
1835,sandalwood
1836,tonka bean
1837,agarwood (oud)
1838,musk
1839,violet
1840,amber
1841,patchouli
1842,tonka bean
1843,cedar
1844,patchouli
1845,vetiver
1846,amber
1847,iris
1848,musk
1849,sandalwood
1850,tonka bean
1851,vanilla
1852,amber
1853,leather
1854,oakmoss
1855,patchouli
1856,suede
1857,vanilla
1858,cedar
1859,oakmoss
1860,ambergris
1861,vanilla
1862,ambergris
1863,oakmoss
1864,tonka bean
1865,vanilla
1866,vetiver
1867,ambergris
1868,musk
1869,orange
1870,sandalwood
1871,vanilla
1872,patchouli
1873,vanilla
1874,amber
1875,musk
1876,musk
1877,sandalwood
1878,vanilla
1879,amberwood
1880,musk
1881,tonka bean
1882,amber
1883,leather
1884,vetiver
1885,tonka bean
1886,elemi
1887,cade oil
1888,musk
1889,cedar
1890,sandalwood
1891,patchouli
1892,amberwood
1893,tobacco
1894,leather
1895,oakmoss
1896,ambergris
1897,cedar
1898,vanilla
1899,vetiver
1900,musk
1901,tonka bean
1902,agarwood (oud)
1903,amber
1904,jasmine orchid
1905,oakmoss
1906,vanilla
1907,hazelnut cocoa spread
1908,tonka bean
1909,jasmine
1910,labdanum
1911,labdanum
1912,sandalwood
1913,tonka bean
1914,vetiver
1915,cedar
1916,musk
1917,sandalwood
1918,agarwood (oud)
1919,musk
1920,oakmoss
1921,sandalwood
1922,vanilla
1923,ambrette (musk mallow)
1924,peru balsam
1925,sandalwood
1926,vanilla
1927,heliotrope
1928,sandalwood
1929,violet
1930,licorice
1931,patchouli
1932,sandalwood
1933,vanilla
1934,amber xtreme
1935,sandalwood
1936,teak wood
1937,honeysuckle
1938,patchouli
1939,vanilla
1940,sandalwood
1941,cashmeran
1942,cedar
1943,tonka bean
1944,agarwood (oud)
1945,amber
1946,oakmoss
1947,sandalwood
1948,ambergris
1949,leather
1950,amberwood
1951,sandalwood
1952,vanilla
1953,vetiver
1954,cedar
1955,patchouli
1956,vetiver
1957,cedar
1958,musk
1959,vanilla
1960,amber
1961,ambergris
1962,musk
1963,vanilla
1964,cedar
1965,hazelnut cocoa spread
1966,juniper
1967,ambergris
1968,musk
1969,cedar
1970,patchouli
1971,vetiver
1972,cedar
1973,mate
1974,musk
1975,sandalwood
1976,agarwood (oud)
1977,jasmine
1978,musk
1979,vanilla
1980,amber
1981,cedar
1982,musk
1983,sandalwood
1984,vetiver
1985,amber
1986,musk
1987,oakmoss
1988,tonka bean
1989,ambergris
1990,castoreum
1991,oakmoss
1992,vetiver
1993,cedar
1994,musk
1995,oakmoss
1996,vanilla
1997,vetiver
1998,agarwood (oud)
1999,ambergris
2000,cedar
2001,cloves
2002,cumin
2003,galbanum
2004,leather
2005,musk
2006,oakmoss
2007,patchouli
2008,rhubarb
2009,tonka bean
2010,vanilla
2011,vetiver
2012,ambergris
2013,cardamom
2014,250
2015,ginger
2016,patchouli
2017,pepper
2018,sandalwood
2019,tobacco
2020,vanilla
2021,ambergris
2022,cardamom
2023,cashmeran
2024,cedar
2025,cloves
2026,labdanum
2027,musk
2028,nutmeg
2029,oakmoss
2030,patchouli
2031,rhubarb
2032,sandalwood
2033,tonka bean
2034,vetiver
2035,amyris
2036,caraway
2037,cedar
2038,cedar
2039,galbanum
2040,guaiac wood
2041,labdanum
2042,nutmeg
2043,oakmoss
2044,pepper
2045,pink pepper
2046,vetiver
2047,agarwood (oud)
2048,musk
2049,tonka bean
2050,oakmoss
2051,tokaji wine
2052,cedar
2053,cypriol oil or nagarmotha
2054,patchouli
2055,patchouli
2056,tonka bean
2057,musk
2058,amber
2059,cedar
2060,woody notes
2061,musk
2062,oakmoss
2063,cashmeran
2064,tonka bean
2065,woody notes
2066,patchouli
2067,tonka bean
2068,amber
2069,musk
2070,sandalwood
2071,tonka bean
2072,vanilla
2073,tonka bean
2074,patchouli
2075,sandalwood
2076,tonka bean
2077,vanilla
2078,vetiver
2079,patchouli
2080,sandalwood
2081,vetiver
2082,musk
2083,sandalwood
2084,vanilla
2085,vetiver
2086,cedar
2087,cedar
2088,vanilla
2089,woody notes
