,top_notes
0,cardamom
1,cinnamon
2,davana
3,lemon
4,mandarin orange
5,orange
6,ambrette (musk mallow)
7,black currant
8,rhubarb
9,violet leaf
10,bergamot
11,bergamot
12,lemon
13,saffron
14,lemon verbena
15,aldehydes
16,bergamot
17,aquozone
18,bergamot
19,orris root
20,pepper
21,mandarin orange
22,anise
23,olive leaf
24,plum
25,elemi
26,pink pepper
27,angelica
28,bergamot
29,pepper
30,fig leaf
31,galbanum
32,jasmine orchid
33,lavender
34,rosemary
35,aldehydes
36,bergamot
37,carrot seeds
38,mandarin orange
39,saffron
40,whiskey
41,blackberry
42,coriander
43,labdanum
44,orange
45,bergamot
46,birch
47,lemon
48,pepper
49,apple
50,jasmine orchid
51,mandarin orange
52,bergamot
53,hyacinth
54,pineapple
55,artemisia
56,basil
57,cardamom
58,cinnamon
59,cloves
60,geranium
61,bergamot
62,cloves
63,cypress
64,lemon
65,nutmeg
66,cardamom
67,cinnamon
68,violet leaf
69,olibanum (frankincense)
70,orange
71,bergamot
72,coriander
73,pepper
74,pink pepper
75,dried fruits
76,jasmine
77,leather
78,osmanthus
79,tobacco
80,grapefruit
81,lemon
82,bergamot
83,orange
84,bergamot
85,lemon
86,apple
87,blueberry
88,orange
89,rum
90,fig
91,raspberry
92,saffron
93,thyme
94,vanilla
95,citruses
96,ginger
97,apple
98,pineapple
99,basil
100,bergamot
101,rum
102,bergamot
103,peach blossom
104,bergamot
105,coriander
106,geranium
107,jasmine
108,bergamot
109,lime
110,bergamot
111,bergamot
112,mandarin orange
113,bergamot
114,galbanum
115,lemon
116,bergamot
117,lemon
118,mandarin orange
119,pepper
120,saffron
121,pear blossom
122,bergamot
123,honey
124,mandarin orange
125,rum
126,bergamot
127,cumin
128,rosemary
129,pepper
130,cloves
131,olibanum (frankincense)
132,star anise
133,bergamot
134,pink pepper
135,bergamot
136,elemi
137,myrrh
138,red apple
139,bergamot
140,bergamot
141,pepper
142,pink pepper
143,tea
144,yuzu
145,green notes
146,mandarin orange
147,rose
148,bergamot
149,bergamot
150,mango
151,pink pepper
152,juniper berries
153,mandarin orange
154,angelica
155,freesia
156,neroli
157,bergamot
158,lemon
159,cinnamon
160,forest fruits
161,pink pepper
162,citruses
163,white flowers
164,grapefruit
165,mandarin orange
166,orange
167,jasmine orchid
168,cashmeran
169,nutmeg
170,pepper
171,pepper
172,saffron
173,clary sage
174,fern
175,mandarin orange
176,grapefruit
177,lavender
178,pepper
179,apple
180,bergamot
181,cinnamon
182,lemon
183,pear
184,pineapple
185,bergamot
186,saffron
187,rum
188,orchid
189,tobacco
190,tangerine
191,bergamot
192,black currant
193,gardenia
194,jasmine orchid
195,lemon
196,mandarin orange
197,tuberose
198,carnation
199,coriander
200,pepper
201,saffron
202,cardamom
203,clary sage
204,yuzu
205,bergamot
206,geranium
207,lavender
208,lime
209,mango
210,orange
211,plum
212,sage
213,tangerine
214,coffee blossom
215,elemi
216,rose
217,saffron
218,teak wood
219,violet
220,bergamot
221,cardamom
222,violet
223,bergamot
224,cardamom
225,lavender
226,mandarin orange
227,apple
228,clary sage
229,bergamot
230,coriander
231,aldehydes
232,bergamot
233,hyacinth
234,lily
235,neroli
236,grapefruit
237,agarwood (oud)
238,butter
239,jasmine orchid
240,plum
241,bergamot
242,jasmine
243,bergamot
244,grapefruit
245,orange
246,bergamot
247,tobacco
248,carnation
249,lemon
250,coriander
251,lime
252,apple
253,bitter orange
254,grapefruit
255,lemon
256,almond
257,anise
258,lemon
259,bergamot
260,cinnamon
261,citruses
262,lavender
263,nutmeg
264,elemi
265,indian spices
266,pink pepper
267,blood orange
268,bergamot
269,heliotrope
270,bergamot
271,cardamom
272,ginger
273,cardamom
274,coriander
275,star anise
276,elemi
277,lemon
278,bergamot
279,orange
280,green notes
281,honeysuckle
282,orange blossom
283,bergamot
284,nutmeg
285,rhubarb
286,bergamot
287,mandarin orange
288,bergamot
289,lemon
290,aquozone
291,bergamot
292,clary sage
293,violet
294,blueberry
295,floral notes
296,bergamot
297,green notes
298,orange
299,artemisia
300,bergamot
301,bergamot
302,bergamot
303,jasmine orchid
304,rose
305,ylang-ylang
306,bitter orange
307,lemon
308,mandarin orange
309,ylang-ylang
310,bergamot
311,lemon
312,mandarin orange
313,petitgrain
314,bergamot
315,petitgrain
316,grapefruit
317,lily-of-the-valley
318,orange
319,orange blossom
320,ylang-ylang
321,bergamot
322,bergamot
323,clary sage
324,lemon
325,pepper
326,pink pepper
327,apple
328,orange
329,pomegranate
330,bergamot
331,green notes
332,mandarin orange
333,apple
334,bergamot
335,galbanum
336,bergamot
337,orange
338,pepper
339,freesia
340,tangerine
341,bergamot
342,cardamom
343,mandarin orange
344,fig
345,lemon
346,anise
347,cinnamon
348,cloves
349,lemon
350,lime
351,orange
352,plum
353,thyme
354,bergamot
355,cardamom
356,lavender
357,lemon
358,mandarin orange
359,mate
360,pomelo
361,jasmine
362,juniper
363,ginger
364,red apple
365,nashi pear
366,bergamot
367,mandarin orange
368,pink pepper
369,pear
370,pink pepper
371,pink pepper
372,saffron
373,grapefruit
374,juniper berries
375,spruce
376,violet leaf
377,apple
378,bergamot
379,red fruits
380,blackberry
381,citruses
382,saffron
383,citruses
384,bergamot
385,pink pepper
386,tangerine
387,apple
388,cardamom
389,bergamot
390,pink pepper
391,bergamot
392,lavender
393,lemon
394,cypress
395,grapefruit
396,nutmeg
397,pepper
398,bergamot
399,nutmeg
400,rose
401,bergamot
402,cardamom
403,mandarin orange
404,rum
405,grapefruit
406,mandarin orange
407,cardamom
408,cinnamon
409,lemon
410,apple
411,pineapple
412,citruses
413,bergamot
414,fig leaf
415,lavender
416,apple
417,lemon
418,orange
419,bergamot
420,cardamom
421,clary sage
422,mandarin orange
423,pepper
424,pepper
425,mandarin orange
426,jasmine orchid
427,mandarin orange
428,orange blossom
429,bergamot
430,kumquat
431,lemon
432,neroli
433,mandarin orange
434,neroli
435,raspberry
436,cardamom
437,pepper
438,rose
439,black currant
440,grapefruit
441,rhubarb
442,pineapple
443,rose
444,cypress
445,lemon
446,mandarin orange
447,apple
448,pear
449,pineapple
450,bergamot
451,lemon
452,cardamom
453,lemon
454,mimosa
455,raspberry
456,violet
457,pink pepper
458,eucalyptus
459,lime
460,mandarin orange
461,yuzu
462,bergamot
463,lemon
464,neroli
465,orange
466,cinnamon
467,nutmeg
468,basil
469,neroli
470,cypress
471,iris
472,juniper
473,chocolate flower
474,jasmine orchid
475,apple
476,citruses
477,peach
478,bergamot
479,apple
480,bergamot
481,grapefruit
482,bergamot
483,lemon
484,aldehydes
485,artemisia
486,lime
487,mandarin orange
488,citruses
489,bergamot
490,lemon
491,petitgrain
492,mandarin orange
493,aldehydes
494,bergamot
495,grapefruit
496,orange
497,petitgrain
498,orange
499,black currant
500,citruses
501,orange
502,bergamot
503,orange
504,saffron
505,bergamot
506,aquozone
507,pepper
508,cinnamon
509,geranium
510,violet
511,bergamot
512,clary sage
513,ginger
514,saffron
515,rice
516,grapefruit
517,lemon
518,aldehydes
519,heliotrope
520,lemon
521,peony
522,bergamot
523,lemon
524,orange blossom
525,bergamot
526,davana
527,lavender
528,mandarin orange
529,lavender
530,rosemary
531,thyme
532,apple
533,cardamom
534,ginger
535,lemon
536,almond
537,lavender
538,rosemary
539,thyme
540,aldehydes
541,bergamot
542,galbanum
543,geranium
544,lemon
545,orange
546,rose
547,aldehydes
548,bergamot
549,coriander
550,geranium
551,pepper
552,nutmeg
553,saffron
554,bergamot
555,grapefruit
556,star anise
557,bergamot
558,coriander
559,lemon
560,orange
561,lavender
562,sage
563,grapefruit
564,hatkora lemon
565,lavender
566,jasmine orchid
567,lilac
568,lily-of-the-valley
569,neroli
570,rose
571,cardamom
572,mandarin orange
573,pear
574,ginger
575,water pepper
576,bergamot
577,orange
578,pear
579,bergamot
580,fig
581,cloves
582,pear
583,bergamot
584,bergamot
585,grapefruit
586,pink pepper
587,cedar
588,neroli
589,bergamot
590,cardamom
591,mint
592,violet leaf
593,bergamot
594,neroli
595,rose
596,davana
597,grapefruit
598,neroli
599,grapefruit
600,lavender
601,mandarin orange
602,black currant
603,grapefruit
604,mandarin orange
605,carnation
606,gardenia
607,jasmine orchid
608,bergamot
609,grapefruit
610,neroli
611,petitgrain
612,grass
613,grass
614,wildflowers
615,aldehydes
616,juniper
617,pink pepper
618,basil
619,thyme
620,jasmine orchid
621,apple
622,freesia
623,violet leaf
624,geranium
625,lily-of-the-valley
626,rose
627,mandarin orange
628,rhubarb
629,bergamot
630,ylang-ylang
631,pepper
632,bitter orange
633,water pepper
634,ginger
635,rum
636,saffron
637,grapefruit
638,pink pepper
639,watermelon
640,apple
641,bergamot
642,lemon
643,pink pepper
644,citruses
645,bergamot
646,lime
647,citruses
648,bergamot
649,geranium
650,ginger
651,lemon
652,neroli
653,pepper
654,bergamot
655,pepper
656,bergamot
657,cardamom
658,carnation
659,cardamom
660,pepper
661,pink pepper
662,lavender
663,lemon
664,bergamot
665,guava
666,mandarin orange
667,rhubarb
668,mandarin orange
669,neroli
670,olibanum (frankincense)
671,rose
672,ylang-ylang
673,bergamot
674,black currant
675,blood orange
676,bergamot
677,indian spices
678,smoke
679,thyme
680,galbanum
681,mint
682,orange blossom
683,bergamot
684,mandarin orange
685,peach
686,artemisia
687,bergamot
688,jasmine orchid
689,saffron
690,iris
691,violet
692,aquozone
693,grapefruit
694,lemon
695,bergamot
696,orange blossom
697,ylang-ylang
698,mandarin orange
699,pepper
700,bergamot
701,carnation
702,orange blossom
703,osmanthus
704,ylang-ylang
705,apricot
706,olibanum (frankincense)
707,aldehydes
708,bitter orange
709,geranium
710,ginger
711,pepper
712,saffron
713,bergamot
714,mandarin orange
715,orange blossom
716,bergamot
717,lemon
718,mandarin orange
719,orange
720,cardamom
721,coriander
722,cumin
723,mandarin orange
724,nutmeg
725,pepper
726,saffron
727,bergamot
728,fig
729,lemon
730,mandarin orange
731,bergamot
732,bitter orange
733,ginger
734,neroli
735,orange blossom
736,bergamot
737,lemon
738,lemon verbena
739,bergamot
740,rum
741,saffron
742,cardamom
743,cypress
744,jasmine orchid
745,lemon
746,pink pepper
747,angelica
748,cardamom
749,pepper
750,pink pepper
751,rose
752,rose
753,bergamot
754,bergamot
755,cardamom
756,grapefruit
757,aquozone
758,bergamot
759,grapefruit
760,mandarin orange
761,pink pepper
762,lemon
763,neroli
764,orange blossom
765,peach
766,clary sage
767,lavender
768,lemon
769,grapefruit
770,bergamot
771,petitgrain
772,cardamom
773,juniper berries
774,pink pepper
775,bergamot
776,honey
777,lavender
778,bergamot
779,cedar
780,coriander
781,rose
782,elemi
783,pepper
784,saffron
785,apple
786,green notes
787,lilac
788,kaffir lime
789,mandarin orange
790,bergamot
791,orange
792,petitgrain
793,apricot
794,pink pepper
795,saffron
796,dried fruits
797,olibanum (frankincense)
798,rose
799,beeswax
800,neroli
801,orange blossom
802,tobacco blossom
803,aldehydes
804,bergamot
805,grapefruit
806,lemon
807,black currant
808,campari
809,rosemary
810,bergamot
811,red apple
812,nutmeg
813,rum
814,indian spices
815,apple
816,cloves
817,pink pepper
818,cardamom
819,cinnamon
820,grapefruit
821,tarragon
822,black currant
823,clover
824,basil
825,grapefruit
826,orange
827,bergamot
828,tangerine
829,dried fruits
830,indian spices
831,raspberry
832,saffron
833,coffee
834,indian spices
835,jasmine
836,apple
837,cinnamon
838,lavender
839,bergamot
840,orange
841,salt
842,angelica
843,lemon
844,mandarin orange
845,pink pepper
846,spicy notes
847,carnation
848,jasmine orchid
849,lilac
850,lily-of-the-valley
851,rose
852,lemon
853,neroli
854,orange
855,orange blossom
856,bergamot
857,lavender
858,neroli
859,rosemary
860,thyme
861,bergamot
862,mimosa
863,neroli
864,orange blossom
865,tangerine
866,lemon
867,neroli
868,orange blossom
869,bergamot
870,hyacinth
871,lily-of-the-valley
872,neroli
873,orange
874,sweet pea
875,bergamot
876,lime
877,orange
878,bergamot
879,caraway
880,sage
881,spicy notes
882,spicy notes
883,black currant
884,grapefruit
885,marian plum
886,cyclamen
887,jasmine
888,nutmeg
889,pepper
890,cinnamon
891,cloves
892,cumin
893,lemon
894,nutmeg
895,pepper
896,saffron
897,bergamot
898,orange
899,pepper
900,bergamot
901,lavender
902,bergamot
903,lemon
904,plum
905,bergamot
906,grapefruit
907,neroli
908,mandarin orange
909,pink pepper
910,tuberose
911,bergamot
912,elemi
913,ginger
914,jasmine
915,pink pepper
916,freesia
917,peach
918,aldehydes
919,citruses
920,bergamot
921,fig leaf
922,marigold
923,aldehydes
924,bergamot
925,neroli
926,peach
927,ylang-ylang
928,pear
929,clary sage
930,cumin
931,saffron
932,black currant
933,grapefruit
934,pineapple
935,cardamom
936,ginger
937,agarwood (oud)
938,cypress
939,violet
940,bergamot
941,nutmeg
942,pink pepper
943,calamus
944,cinnamon
945,cinnamon
946,mandarin orange
947,chocolate flower
948,apple
949,pink pepper
950,bergamot
951,lavender
952,sage
953,bergamot
954,neroli
955,sweet pea
956,saffron
957,bergamot
958,mandarin orange
959,black currant
960,violet leaf
961,bergamot
962,clary sage
963,pepper
964,black currant
965,grapefruit
966,cedar
967,bergamot
968,grapefruit
969,mandarin orange
970,bergamot
971,lemon
972,saffron
973,elemi
974,bergamot
975,grapefruit
976,mint
977,pink pepper
978,raspberry
979,geranium
980,grapefruit
981,rose
982,cinnamon
983,cloves
984,bergamot
985,fig leaf
986,mint
987,saffron
988,bergamot
989,orange
990,raspberry
991,bergamot
992,fig
993,sage
994,ginger
995,pepper
996,pink pepper
997,bergamot
998,carrot seeds
999,coriander
1000,pink pepper
1001,bergamot
1002,nutmeg
1003,pepper
1004,jasmine orchid
1005,orange blossom
1006,rose
1007,ylang-ylang
1008,bergamot
1009,lemon
1010,tea
1011,marigold
1012,olibanum (frankincense)
1013,rose
1014,heliotrope
1015,iris
1016,lilac
1017,mimosa
1018,peach
1019,violet
1020,clary sage
1021,hyacinth
1022,olibanum (frankincense)
1023,rose
1024,heliotrope
1025,saffron
1026,blackberry
1027,pink pepper
1028,rose
1029,apple
1030,birch
1031,pineapple
1032,apple
1033,bergamot
1034,black currant
1035,galbanum
1036,grapefruit
1037,juniper berries
1038,lemon
1039,lime
1040,pink pepper
1041,bergamot
1042,cloves
1043,juniper berries
1044,lemon
1045,neroli
1046,nutmeg
1047,lily-of-the-valley
1048,coriander
1049,sandalwood
1050,tobacco
1051,vanilla
1052,sandalwood
1053,tobacco
1054,aldehydes
1055,bergamot
1056,neroli
1057,peach
1058,bergamot
1059,pepper
1060,citruses
1061,rosemary
1062,basil
1063,orange
1064,petitgrain
1065,citruses
1066,neroli
1067,grapefruit
1068,raspberry
1069,bergamot
1070,cypress
1071,thyme
1072,aldehydes
1073,bergamot
1074,mandarin orange
1075,bitter orange
1076,orange
1077,elemi
1078,jasmine
1079,pepper
1080,blueberry
1081,coconut
1082,ivy
1083,pepper
1084,lemon
1085,mint
1086,bergamot
1087,fruity notes
1088,marian plum
1089,jasmine
1090,davana
1091,juniper berries
1092,rose
1093,fig
1094,violet leaf
1095,bergamot
1096,galbanum
1097,lavender
1098,bergamot
1099,lemon
1100,orange
1101,petitgrain
1102,pineapple
1103,geranium
1104,pink pepper
1105,saffron
1106,indian spices
1107,jasmine
1108,labdanum
1109,bergamot
1110,osmanthus
1111,peach
1112,tuberose
1113,coffee
1114,jasmine
1115,mandarin orange
1116,pink pepper
1117,fig tree
1118,ginger
1119,mandarin orange
1120,nutmeg
1121,pepper
1122,bergamot
1123,orange blossom
1124,red berries
1125,lemon
1126,pear
1127,watermelon
1128,bergamot
1129,lavender
1130,pear
1131,peach
1132,violet leaf
1133,bergamot
1134,lemon
1135,mandarin orange
1136,orange
1137,blood orange
1138,ozonic notes
1139,artemisia
1140,olibanum (frankincense)
1141,aldehydes
1142,bergamot
1143,neroli
1144,black currant
1145,orange
1146,musk
1147,white flowers
1148,amber
1149,tobacco
1150,geranium
1151,bergamot
1152,lemon
1153,orange
1154,rose
1155,raspberry
1156,bitter orange
1157,davana
1158,whiskey
1159,yuzu
1160,aldehydes
1161,bergamot
1162,neroli
1163,ginger
1164,rose
1165,anise
1166,basil
1167,bergamot
1168,lemon
1169,mandarin orange
1170,pink pepper
1171,bergamot
1172,pepper
1173,bergamot
1174,geranium
1175,mandarin orange
1176,bergamot
1177,bitter orange
1178,lime
1179,mint
1180,fragonia
1181,grapefruit
1182,pink pepper
1183,bergamot
1184,mandarin orange
1185,neroli
1186,petitgrain
1187,grapefruit
1188,lemon verbena
1189,mint
1190,aldehydes
1191,apple
1192,cardamom
1193,mint
1194,pink pepper
1195,gardenia
1196,heliotrope
1197,iris
1198,jasmine orchid
1199,rose
1200,bitter orange
1201,cardamom
1202,orange
1203,pepper
1204,pink pepper
1205,bergamot
1206,peach
1207,raspberry
1208,elemi
1209,pepper
1210,cypriol oil or nagarmotha
1211,jasmine
1212,labdanum
1213,coriander
1214,geranium
1215,lavender
1216,bergamot
1217,grapefruit
1218,blood orange
1219,ginger
1220,water pepper
1221,pepper
1222,bergamot
1223,cardamom
1224,lemon
1225,coriander
1226,neroli
1227,cinnamon
1228,pepper
1229,saffron
1230,bitter orange
1231,neroli
1232,gardenia
1233,jasmine orchid
1234,tuberose
1235,bergamot
1236,cinnamon
1237,coriander
1238,grapefruit blossom
1239,cloves
1240,coconut pie
1241,ginger
1242,grapefruit
1243,pink pepper
1244,bergamot
1245,elemi
1246,ginger
1247,sage
1248,apple
1249,bergamot
1250,grapefruit
1251,aquozone
1252,lemon
1253,freesia
1254,jasmine orchid
1255,bergamot
1256,peach
1257,bergamot
1258,lemon
1259,neroli
1260,ylang-ylang
1261,fig
1262,pomegranate
1263,violet leaf
1264,bergamot
1265,violet
1266,basil
1267,mandarin orange
1268,pepper
1269,ambrette (musk mallow)
1270,bergamot
1271,water pepper
1272,cardamom
1273,orange
1274,rose
1275,bergamot
1276,citruses
1277,peach
1278,citruses
1279,indian spices
1280,bergamot
1281,red apple
1282,yuzu
1283,bergamot
1284,bitter orange
1285,honey
1286,mandarin orange
1287,cherry
1288,bergamot
1289,petitgrain
1290,rose
1291,bergamot
1292,lavender
1293,blood orange
1294,lemon
1295,mandarin orange
1296,pink pepper
1297,bergamot
1298,cardamom
1299,neroli
1300,aldehydes
1301,bergamot
1302,bergamot
1303,jasmine orchid
1304,mandarin orange
1305,rose
1306,davana
1307,jasmine orchid
1308,orange blossom
1309,rose
1310,bergamot
1311,bergamot
1312,fig leaf
1313,pink pepper
1314,pepper
1315,apple
1316,basil
1317,lemon
1318,orange
1319,raspberry
1320,toffee
1321,juniper
1322,pink pepper
1323,violet leaf
1324,aldehydes
1325,artemisia
1326,basil
1327,lemon
1328,bergamot
1329,lemon
1330,mandarin orange
1331,neroli
1332,bergamot
1333,cedar
1334,jasmine
1335,cardamom
1336,cedar
1337,fruity notes
1338,indian spices
1339,rose
1340,rose
1341,bergamot
1342,cardamom
1343,davana
1344,neroli
1345,pink pepper
1346,bergamot
1347,pink pepper
1348,floral notes
1349,indian spices
1350,mandarin orange
1351,mate
1352,bergamot
1353,bergamot
1354,geranium
1355,saffron
1356,ylang-ylang
1357,mandarin orange
1358,bergamot
1359,geranium
1360,lemon
1361,lemon verbena
1362,neroli
1363,orange
1364,rosemary
1365,lemon
1366,bergamot
1367,lemon
1368,mandarin orange
1369,neroli
1370,orange
1371,saffron
1372,davana
1373,orange
1374,bergamot
1375,juniper
1376,bergamot
1377,orange
1378,ambretone
1379,powdery notes
1380,lemon
1381,black currant
1382,lemon
1383,rosemary
1384,bergamot
1385,cedar
1386,star anise
1387,sage
1388,bergamot
1389,pink pepper
1390,red berries
1391,bergamot
1392,carrot
1393,bergamot
1394,grapefruit
1395,water pepper
1396,lemon
1397,mandarin orange
1398,orange
1399,yuzu
1400,lemon
1401,pink pepper
1402,raspberry
1403,orange
1404,bergamot
1405,fig
1406,ambrette (musk mallow)
1407,bergamot
1408,pink pepper
1409,geranium
1410,lime
1411,marian plum
1412,neroli
1413,petitgrain
1414,bergamot
1415,peach
1416,yuzu
1417,cardamom
1418,lavender
1419,pear
1420,pepper
1421,citruses
1422,ginger
1423,grapefruit
1424,lavender
1425,lime
1426,pepper
1427,ginger
1428,grapefruit
1429,lime
1430,bergamot
1431,ginger
1432,bergamot
1433,lime
1434,mandarin orange
1435,pink pepper
1436,saffron
1437,bergamot
1438,forest fruits
1439,bergamot
1440,watermelon
1441,pepper
1442,tangerine
1443,citruses
1444,marian plum
1445,lemon
1446,apple blossom
1447,cardamom
1448,grapefruit
1449,mint
1450,rum
1451,bergamot
1452,green notes
1453,lemon
1454,peach
1455,ylang-ylang
1456,black currant
1457,thyme
1458,violet leaf
1459,apple
1460,lavender
1461,bergamot
1462,cardamom
1463,fragonia
1464,grapefruit
1465,lemon
1466,orange
1467,bergamot
1468,cardamom
1469,nutmeg
1470,bergamot
1471,black currant
1472,mandarin orange
1473,bergamot
1474,mandarin orange
1475,petitgrain
1476,amber
1477,bergamot
1478,magnolia
1479,lemon
1480,marian plum
1481,neroli
1482,lemon
1483,bergamot
1484,mandarin orange
1485,pear
1486,bergamot
1487,ginger
1488,lemon
1489,jasmine orchid
1490,violet leaf
1491,lemon
1492,mandarin orange
1493,neroli
1494,mint
1495,davana
1496,rum
1497,yuzu
1498,grapefruit
1499,pink pepper
1500,bergamot
1501,carrot seeds
1502,fig leaf
1503,mandarin orange
1504,orange
1505,violet leaf
1506,pepper
1507,pink pepper
1508,bergamot
1509,pink pepper
1510,saffron
1511,cardamom
1512,apple
1513,blackberry
1514,pineapple
1515,bergamot
1516,pepper
1517,water pepper
1518,bergamot
1519,coffee
1520,salt
1521,bergamot
1522,coriander
1523,bergamot
1524,coriander
1525,aldehydes
1526,ginger
1527,saffron
1528,aldehydes
1529,bergamot
1530,pink pepper
1531,anise
1532,bergamot
1533,mandarin orange
1534,bergamot
1535,lavender
1536,iris
1537,lily-of-the-valley
1538,grapefruit
1539,mandarin orange
1540,blackberry
1541,strawberry
1542,bergamot
1543,lemon verbena
1544,bergamot
1545,cinnamon
1546,clary sage
1547,blood orange
1548,indian spices
1549,pepper
1550,pepper
1551,bergamot
1552,olibanum (frankincense)
1553,blood orange
1554,juniper berries
1555,lemon
1556,bergamot
1557,cardamom
1558,rhubarb
1559,mandarin orange
1560,neroli
1561,bergamot
1562,ginger
1563,grapefruit
1564,pear
1565,jasmine
1566,pink pepper
1567,cardamom
1568,grapefruit
1569,pink pepper
1570,mandarin orange
1571,olibanum (frankincense)
1572,petitgrain
1573,bitter orange
1574,neroli
1575,agarwood (oud)
1576,bergamot
1577,bitter orange
1578,bergamot
1579,saffron
1580,bergamot
1581,birch tar
1582,camphor
1583,lime
1584,bergamot
1585,lavender
1586,lemon
1587,tarragon
1588,bergamot
1589,basil
1590,bergamot
1591,lavender
1592,lemon
1593,petitgrain
1594,tarragon
1595,bergamot
1596,lemon
1597,litsea cubeba
1598,clary sage
1599,coriander
1600,lavender
1601,bitter orange
1602,cardamom
1603,indian spices
1604,pineapple
1605,freesia
1606,cardamom
1607,leather
1608,rose
1609,rose
1610,rose
1611,bergamot
1612,coconut
1613,lime
1614,mandarin orange
1615,bergamot
1616,black currant
1617,green tea flower
1618,mandarin orange
1619,sandalwood
1620,bergamot
1621,blood orange
1622,cinnamon
1623,civet
1624,lavender
1625,myrrh
1626,nutmeg
1627,patchouli
1628,sandalwood
1629,blood orange
1630,lime
1631,bitter orange
1632,forest fruits
1633,green notes
1634,olibanum (frankincense)
1635,osmanthus
1636,pepper
1637,bergamot
1638,lemon
1639,oakmoss
1640,petitgrain
1641,bergamot
1642,bitter orange
1643,lemon
1644,musk
1645,rosemary
1646,violet
1647,bergamot
1648,musk
1649,rose
1650,vanilla
1651,citruses
1652,geranium
1653,rhubarb
1654,sandalwood
1655,tokaji wine
1656,vanilla
1657,grapefruit
1658,lemon
1659,musk
1660,orange
1661,vanilla
1662,bergamot
1663,coconut
1664,fig
1665,grapefruit
1666,lemon
1667,orange
1668,white flowers
1669,bergamot
1670,oakmoss
1671,orange
1672,patchouli
1673,pear
1674,bergamot
1675,bitter orange
1676,jasmine orchid
1677,lemon
1678,lily-of-the-valley
1679,mandarin orange
1680,neroli
1681,oakmoss
1682,orange blossom
1683,ylang-ylang
1684,elderflower
1685,neroli
1686,orange
1687,bergamot
1688,blackberry
1689,cashmeran
1690,jasmine orchid
1691,lemon
1692,musk
1693,rose
1694,vanilla
1695,tangerine
1696,dark chocolate
1697,grapefruit
1698,musk
1699,neroli
1700,orange
1701,patchouli
1702,yuzu
1703,bergamot
1704,lemon
1705,neroli
1706,orange blossom
1707,petitgrain
1708,tonka bean
1709,tangerine
1710,bergamot
1711,magnolia
1712,vetiver
1713,grapefruit
1714,orange blossom
1715,grapefruit
1716,mate
1717,vetiver
1718,bergamot
1719,cedar
1720,tangerine
1721,tonka bean
1722,grapefruit
1723,mandarin orange
1724,musk
1725,salt
1726,seaweed
1727,vetiver
1728,yuzu
1729,bergamot
1730,neroli
1731,orange blossom
1732,petitgrain
1733,rosemary
1734,basil
1735,lemon
1736,lemon verbena
1737,bergamot
1738,bitter orange
1739,orange
1740,pepper
1741,bergamot
1742,vetiver
1743,honeysuckle
1744,neroli
1745,orange
1746,rhubarb
1747,rose
1748,grapefruit
1749,hay
1750,orris root
1751,rhubarb
1752,tonka bean
1753,amber
1754,artemisia
1755,bergamot
1756,cedar
1757,lemon
1758,melon
1759,sandalwood
1760,tonka bean
1761,bergamot
1762,neroli
1763,orange
1764,orange blossom
1765,rose
1766,sandalwood
1767,bergamot
1768,orange blossom
1769,grapefruit
1770,orange
1771,shiso
1772,bergamot
1773,cardamom
1774,ginger
1775,lemon
1776,mandarin orange
1777,vetiver
1778,bergamot
1779,hazelnut cocoa spread
1780,myrrh
1781,sandalwood
1782,vanilla
1783,bergamot
1784,bergamot
1785,geranium
1786,mint
1787,oakmoss
1788,pomelo
1789,vetiver
1790,coconut
1791,eucalyptus
1792,lemon
1793,lime
1794,bergamot
1795,black currant
1796,green notes
1797,jasmine orchid
1798,leather
1799,lemon
1800,saffron
1801,watermelon
1802,woody notes
1803,bergamot
1804,immortelle
1805,amber
1806,bergamot
1807,blood orange
1808,lavender
1809,star anise
1810,vanilla
1811,agarwood (oud)
1812,amber xtreme
1813,bergamot
1814,grapefruit
1815,nag champa
1816,neroli
1817,smoke
1818,bergamot
1819,lemon
1820,lime
1821,mint
1822,tokaji wine
1823,bergamot
1824,bergamot
1825,labdanum
1826,musk
1827,oakmoss
1828,orange blossom
1829,rosemary
1830,citruses
1831,bergamot
1832,cloves
1833,jasmine orchid
1834,neroli
1835,orange blossom
1836,rose
1837,sandalwood
1838,vanilla
1839,vetiver
1840,bergamot
1841,cedar
1842,galbanum
1843,grapefruit
1844,leather
1845,passionfruit
1846,rose
1847,vanilla
1848,bergamot
1849,hazelnut cocoa spread
1850,patchouli
1851,saffron
1852,tobacco
1853,artemisia
1854,bergamot
1855,bitter orange
1856,camphor
1857,lavender
1858,mandarin orange
1859,neroli
1860,oakmoss
1861,palo santo
1862,rose
1863,tangerine
1864,yuzu
1865,chalood bark
1866,coriander
1867,grapefruit
1868,jasmine orchid
1869,lemon
1870,lime
1871,patchouli
1872,petitgrain
1873,ambroxan
1874,ginger
1875,heliotrope
1876,kumquat
1877,lemon
1878,tolu balsam
1879,vanilla
1880,amber
1881,cedar
1882,jasmine orchid
1883,musk
1884,oakmoss
1885,orange
1886,orange blossom
1887,orris root
1888,petitgrain
1889,agarwood (oud)
1890,amber
1891,leather
1892,raspberry
1893,suede
1894,amber
1895,hazelnut cocoa spread
1896,jasmine orchid
1897,marshmallow
1898,musk
1899,orange blossom
1900,patchouli
1901,agarwood (oud)
1902,ambretone
1903,ambroxan
1904,musk
1905,rose
1906,whiskey
1907,castoreum
1908,hazelnut cocoa spread
1909,mandarin orange
1910,tobacco
1911,tokaji wine
1912,vanilla
1913,ylang-ylang
1914,amber
1915,angelica
1916,cardamom
1917,carrot seeds
1918,civet
1919,jasmine orchid
1920,patchouli
1921,rose
1922,vetiver
1923,agarwood (oud)
1924,ambergris
1925,ambrette (musk mallow)
1926,jasmine orchid
1927,seaweed
1928,tuberose
1929,amber
1930,tokaji wine
1931,vanilla
1932,amber
1933,musk
1934,violet
1935,amber
1936,apple
1937,cedar
1938,geranium
1939,orange
1940,musk
1941,vanilla
1942,amber
1943,bergamot
1944,musk
1945,oakmoss
1946,patchouli
1947,amber
1948,musk
1949,vanilla
1950,amber
1951,ambergris
1952,musk
1953,vanilla
1954,ambrette (musk mallow)
1955,bergamot
1956,carnation
1957,castoreum
1958,cinnamon
1959,civet
1960,gardenia
1961,honey
1962,musk
1963,oakmoss
1964,rose
1965,tonka bean
1966,vetiver
1967,water pepper
1968,musk
1969,rose
1970,musk
1971,neroli
1972,orange blossom
1973,ambergris
1974,civet
1975,fragonia
1976,gardenia
1977,ginger
1978,musk
1979,oakmoss
1980,olibanum (frankincense)
1981,orange
1982,orchid
1983,orris root
1984,passionfruit
1985,patchouli
1986,peach
1987,pepper
1988,sandalwood
1989,smoke
1990,star anise
1991,styrax
1992,tobacco
1993,tolu balsam
1994,vanilla
1995,vetiver
1996,ylang-ylang
1997,musk
1998,sandalwood
1999,amber
2000,musk
2001,patchouli
2002,vanilla
2003,ambergris
2004,cedar
2005,jasmine orchid
2006,saffron
2007,civet
2008,heliotrope
2009,sandalwood
2010,cardamom
2011,leather
2012,musk
2013,sandalwood
2014,amber
2015,lavender
2016,sandalwood
2017,amber
2018,jasmine
2019,milk
2020,vanilla
2021,leather
2022,tobacco
2023,amber
2024,lemon
2025,vetiver
2026,amber
2027,jasmine orchid
2028,musk
2029,sage
2030,sandalwood
2031,vetiver
2032,amber
2033,anise
2034,citruses
2035,ambrette (musk mallow)
2036,sandalwood
2037,amber
2038,cardamom
2039,jasmine orchid
2040,leather
2041,oakmoss
2042,patchouli
2043,ambroxan
2044,cashmeran
2045,cedar
2046,hay
2047,iris
2048,labdanum
2049,leather
2050,mimosa
2051,sage
2052,suede
2053,tobacco
2054,agarwood (oud)
2055,almond
2056,amber
2057,cashmeran
2058,clary sage
2059,iris
2060,lavender
2061,leather
2062,tonka bean
2063,vanilla
2064,agarwood (oud)
2065,amber
2066,musk
2067,saffron
2068,violet
2069,ylang-ylang
2070,amber
2071,cedar
2072,leather
2073,musk
2074,saffron
2075,sandalwood
2076,tolu balsam
2077,woody notes
2078,ambroxan
2079,bergamot
2080,civet
2081,jasmine orchid
2082,labdanum
2083,leather
2084,musk
2085,olibanum (frankincense)
2086,saffron
2087,sandalwood
2088,tobacco
2089,vanilla
2090,amber
2091,olibanum (frankincense)
2092,tonka bean
2093,amber
2094,bergamot
2095,jasmine orchid
2096,liquor
2097,vanilla
2098,agarwood (oud)
2099,amber
2100,leather
2101,pepper
2102,raspberry
2103,rose
2104,saffron
2105,civet
2106,grapefruit
2107,mimosa
2108,musk
2109,pepper
2110,amber
2111,citruses
2112,musk
2113,spicy notes
2114,woody notes
2115,allspice
2116,amber
2117,castoreum
2118,cherry
2119,250
2120,dark chocolate
2121,hay
2122,jasmine
2123,labdanum
2124,leather
2125,patchouli
2126,plum
2127,saffron
2128,tobacco
2129,musk
2130,amber
2131,bergamot
2132,musk
2133,amber
2134,indian spices
2135,jasmine
2136,leather
2137,resins
2138,musk
2139,orange blossom
2140,ambrarome
2141,ambretone
2142,cedar
2143,patchouli
2144,rose
2145,rose
2146,amber
2147,ambroxan
2148,basil
2149,coriander
2150,fig leaf
2151,galbanum
2152,grass
2153,guaiac wood
2154,pepper
2155,shiso
2156,green notes
2157,violet leaf
2158,galbanum
2159,honeysuckle
2160,magnolia
2161,violet leaf
2162,ambrette (musk mallow)
2163,artemisia
2164,galbanum
2165,leather
2166,neroli
2167,oakmoss
2168,orange blossom
2169,patchouli
2170,tobacco
2171,grapefruit
2172,mint
2173,patchouli
2174,pink pepper
2175,sage
2176,artemisia
2177,basil
2178,cardamom
2179,orange
2180,sandalwood
2181,tonka bean
2182,vetiver
2183,bay essence
2184,indian spices
2185,jasmine orchid
2186,mint
2187,rose
2188,aquozone
2189,citruses
2190,mint
2191,musk
2192,thyme
2193,mint
2194,olibanum (frankincense)
2195,hay
2196,orange
2197,orange
2198,smoke
2199,tobacco
2200,ambretone
2201,clary sage
2202,jasmine orchid
2203,nutmeg
2204,orris root
2205,rice
2206,sandalwood
2207,cashmeran
2208,elemi
2209,green notes
2210,hay
2211,ivy
2212,lavender
2213,musk
2214,oakmoss
2215,pink pepper
2216,vetiver
2217,cedar
2218,matcha tea
2219,mate
2220,amber
2221,clary sage
2222,green notes
2223,pink pepper
2224,clary sage
2225,juniper berries
2226,oakmoss
2227,basil
2228,bergamot
2229,clary sage
2230,coriander
2231,eucalyptus
2232,galbanum
2233,grapefruit
2234,lavender
2235,marigold
2236,sweet pea
2237,tobacco
2238,tobacco
2239,vanilla
2240,immortelle
2241,oakmoss
2242,tobacco
2243,tonka bean
2244,green notes
2245,juniper
2246,lavender
2247,immortelle
2248,tonka bean
2249,green notes
2250,indian spices
2251,rose
2252,coconut pie
2253,juniper
2254,oakmoss
2255,orange
2256,rosemary
2257,basil
2258,cedar
2259,galbanum
2260,jasmine orchid
2261,rose
2262,sandalwood
2263,amberwood
2264,basil
2265,black currant
2266,cardamom
2267,juniper berries
2268,lily-of-the-valley
2269,musk
2270,orange blossom
2271,patchouli
2272,rosemary
2273,melon
2274,metallic notes
2275,mint
2276,rose
2277,seaweed
2278,amber
2279,black currant
2280,galbanum
2281,ginger
2282,metallic notes
2283,myrrh
2284,pink pepper
2285,tobacco
2286,vanilla
2287,violet leaf
2288,immortelle
2289,patchouli
2290,pineapple
2291,tonka bean
2292,ambrette (musk mallow)
2293,amyris
2294,angelica
2295,artemisia
2296,camphor
2297,cedar
2298,chamomile
2299,jasmine
2300,lovage root
2301,marjoram
2302,rose
2303,vetiver
2304,cashmeran
2305,jasmine orchid
2306,musk
2307,sandalwood
2308,aquozone
2309,aquozone
2310,mandarin orange
2311,marian plum
2312,rose
2313,salt
2314,ylang-ylang
2315,agarwood (oud)
2316,aquozone
2317,pink pepper
2318,salt
2319,seaweed
2320,styrax
2321,aldehydes
2322,almond
2323,blood
2324,coconut
2325,aldehydes
2326,jasmine orchid
2327,musk
2328,agarwood (oud)
2329,aldehydes
2330,leather
2331,salt
2332,paper
2333,patchouli
2334,resins
2335,ash
2336,apple
2337,blood
2338,smoke
2339,wheat
2340,salt
2341,asphalt
2342,immortelle
2343,vanilla
2344,ambrette (musk mallow)
2345,orange blossom
2346,rose
2347,vanilla
2348,vanilla
2349,indian spices
2350,musk
2351,vanilla
2352,cardamom
2353,musk
2354,patchouli
2355,rose
2356,amber
2357,indian spices
2358,sandalwood
2359,tonka bean
2360,cardamom
2361,coconut pie
2362,patchouli
2363,tuberose
2364,vanilla
2365,vanilla
2366,amber
2367,ginger
2368,jasmine
2369,pink pepper
2370,saffron
2371,vetiver
2372,cinnamon
2373,patchouli
2374,styrax
2375,ylang-ylang
2376,vanilla
2377,pink pepper
2378,rose
2379,saffron
2380,indian spices
2381,resins
2382,smoke
2383,vetiver
2384,white flowers
2385,agarwood (oud)
2386,ginger
2387,pepper
2388,pepper
2389,cucumber
2390,lime
2391,pepper
2392,saffron
2393,bergamot
2394,cardamom
2395,ginger
2396,green notes
2397,musk
2398,petitgrain
2399,vanilla
2400,ginger
2401,musk
2402,neroli
2403,patchouli
2404,pink pepper
2405,coffee
2406,bergamot
2407,cardamom
2408,cashmeran
2409,indian spices
2410,jasmine orchid
2411,musk
2412,saffron
2413,vanilla
2414,green notes
2415,indian spices
2416,sandalwood
2417,vanilla
2418,water pepper
2419,amber
2420,cedar
2421,cinnamon
2422,cloves
2423,ginger
2424,jasmine
2425,jasmine orchid
2426,mandarin orange
2427,vanilla
2428,pink pepper
2429,rose
2430,tonka bean
2431,cardamom
2432,cedar
2433,fig
2434,ginger
2435,mandarin orange
2436,mint
2437,musk
2438,sandalwood
2439,ginger
2440,lemon
2441,orange blossom
2442,sandalwood
2443,patchouli
2444,pink pepper
2445,taif rose
2446,vanilla
2447,anise
2448,black currant
2449,cardamom
2450,lemon verbena
2451,rhubarb
2452,shiso
2453,agarwood (oud)
2454,ginger
2455,myrrh
2456,vanilla
2457,sandalwood
2458,tonka bean
2459,vanilla
2460,amber
2461,indian spices
2462,jasmine
2463,tonka bean
2464,vanilla
2465,musk
2466,pink pepper
2467,saffron
2468,sandalwood
2469,vanilla
2470,white oud
2471,cinnamon
2472,jasmine
2473,pepper
2474,sandalwood
2475,cinnamon
2476,cloves
2477,cypriol oil or nagarmotha
2478,patchouli
2479,vanilla
2480,agarwood (oud)
2481,lavender
2482,tonka bean
2483,vanilla
2484,agarwood (oud)
2485,ambergris
2486,anise
2487,black currant
2488,cardamom
2489,chamomile
2490,clary sage
2491,elderflower
2492,galbanum
2493,gardenia
2494,grapefruit
2495,jasmine orchid
2496,kaffir lime
2497,lime
2498,melon
2499,metallic notes
2500,nutmeg
2501,vetiver
2502,carnation
2503,cedar
2504,chocolate flower
2505,labdanum
2506,leather
2507,olibanum (frankincense)
2508,saffron
2509,tobacco
2510,tonka bean
2511,vanilla
2512,coffee
2513,coriander
2514,fragonia
2515,narcissus
2516,olibanum (frankincense)
2517,saffron
2518,vanilla
2519,cardamom
2520,cedar
2521,fig
2522,coffee
2523,vanilla
2524,cardamom
2525,musk
2526,cardamom
2527,cedar
2528,orris root
2529,pink pepper
2530,rose
2531,ash
2532,civet
2533,coffee
2534,cumin
2535,fragonia
2536,gardenia
2537,oakmoss
2538,opium
2539,pepper
2540,rose
2541,sandalwood
2542,tobacco
2543,coffee
2544,dried apricot
2545,opoponax
2546,pepper
2547,sandalwood
2548,sandalwood
2549,amber
2550,cedar
2551,nutmeg
2552,pepper
2553,saffron
2554,suede
2555,tobacco
2556,violet leaf
2557,cumin
2558,olibanum (frankincense)
2559,ginger
2560,green tea flower
2561,marshmallow
2562,bergamot
2563,cardamom
2564,immortelle
2565,osmanthus
2566,pepper
2567,vanilla
2568,agarwood (oud)
2569,amber
2570,camellia
2571,cinnamon
2572,immortelle
2573,plum blossom
2574,saffron
2575,vanilla
2576,coffee
2577,vanilla
2578,ambergris
2579,ambroxan
2580,apple
2581,bergamot
2582,coriander
2583,dry wood
2584,floral notes
2585,tonka bean
2586,vanilla
2587,agarwood (oud)
2588,cardamom
2589,cashmeran
2590,cedar
2591,ginger
2592,jasmine
2593,papyrus
2594,pink pepper
2595,vanilla
2596,indian spices
2597,nutmeg
2598,tobacco
2599,almond
2600,amber
2601,cinnamon
2602,jasmine orchid
2603,leather
2604,saffron
2605,vanilla
2606,cinnamon
2607,dark chocolate
2608,hazelnut cocoa spread
2609,vanilla
2610,cardamom
2611,vetiver
2612,lavender
2613,musk
2614,nutmeg
2615,patchouli
2616,saffron
2617,cinnamon
2618,rum
2619,tobacco
2620,vanilla
2621,coriander
2622,juniper berries
2623,musk
2624,nutmeg
2625,vanilla
2626,bergamot
2627,civet
2628,cloves
2629,jasmine orchid
2630,mint
2631,orange blossom
2632,rose
2633,tonka bean
2634,vanilla
2635,ylang-ylang
2636,artemisia
2637,licorice
2638,musk
2639,palo santo
2640,patchouli
2641,star anise
2642,tolu balsam
2643,indian spices
2644,tobacco
2645,tolu balsam
2646,tonka bean
2647,vetiver
2648,indian spices
2649,metallic notes
2650,rose
2651,cinnamon
2652,indian spices
2653,leather
2654,myrrh
2655,tobacco
2656,indian spices
2657,musk
2658,agarwood (oud)
2659,cinnamon
2660,indian spices
2661,cinnamon
2662,coriander
2663,lavender
2664,leather
2665,patchouli
2666,vanilla
2667,bergamot
2668,cedar
2669,hay
2670,narcissus
2671,tonka bean
2672,vanilla
2673,camphor
2674,jasmine
2675,musk
2676,orchid
2677,patchouli
2678,pepper
2679,pink pepper
2680,plum
2681,tangerine
2682,amber
2683,anise
2684,cardamom
2685,cedar
2686,cinnamon
2687,cloves
2688,galbanum
2689,lavender
2690,nutmeg
2691,oakmoss
2692,pineapple
2693,sandalwood
2694,tobacco
2695,tokaji wine
2696,vetiver
2697,galbanum
2698,gardenia
2699,musk
2700,pea
2701,pepper
2702,pink pepper
2703,amyris
2704,pepper
2705,talc
2706,vanilla
2707,anise
2708,blood orange
2709,camphor
2710,civet
2711,cypress
2712,dark chocolate
2713,dried fruits
2714,marigold
2715,rosemary
2716,vanilla
2717,whiskey
2718,cardamom
2719,vetiver
2720,cedar
2721,citruses
2722,jasmine orchid
2723,labdanum
2724,nutmeg
2725,patchouli
2726,sandalwood
2727,oak
2728,tuberose
2729,citruses
2730,clary sage
2731,clove leaf
2732,cumin
2733,ginger
2734,guaiac wood
2735,juniper
2736,labdanum
2737,lime
2738,oakmoss
2739,patchouli
2740,vetiver
2741,cedar
2742,coriander
2743,kaffir lime
2744,aquozone
2745,cedar
2746,olibanum (frankincense)
2747,pink pepper
2748,sandalwood
2749,vanilla
2750,agarwood (oud)
2751,ambroxan
2752,lemon
2753,olibanum (frankincense)
2754,orange
2755,rose
2756,tonka bean
2757,vetiver
2758,cedar
2759,sage
2760,vetiver
2761,cabreuva
2762,cypress
2763,elemi
2764,galbanum
2765,sandalwood
2766,yuzu
2767,elemi
2768,labdanum
2769,oakmoss
2770,patchouli
2771,vetiver
2772,cypriol oil or nagarmotha
2773,elemi
2774,juniper
2775,myrrh
2776,oak
2777,oakmoss
2778,olibanum (frankincense)
2779,cedar
2780,licorice
2781,tonka bean
2782,vetiver
2783,agarwood (oud)
2784,grapefruit
2785,agarwood (oud)
2786,pepper
2787,petitgrain
2788,vetiver
2789,vetiver
2790,vetiver
2791,cedar
2792,iris
2793,suede
2794,driftwood
2795,patchouli
2796,salt
2797,agarwood (oud)
2798,floral notes
2799,agarwood (oud)
2800,floral notes
2801,saffron
2802,aquozone
2803,bergamot
2804,lemon
2805,cypress
2806,lemon
2807,260
2808,driftwood
2809,marian plum
2810,cedar
2811,lavender
2812,vetiver
2813,amber
2814,amyris
2815,birch tar
2816,cardamom
2817,cedar
2818,cedar
2819,driftwood
2820,ginger
2821,lavender
2822,lime
2823,musk
2824,patchouli
2825,saffron
2826,sandalwood
2827,woody notes
2828,agarwood (oud)
2829,beeswax
2830,cedar
2831,neroli
2832,pepper
2833,rose
2834,saffron
2835,sandalwood
2836,vetiver
2837,agarwood (oud)
2838,birch
2839,hay
2840,immortelle
2841,jasmine
2842,labdanum
2843,lavender
2844,leather
2845,vetiver
2846,agarwood (oud)
2847,graphite
2848,amber
2849,cedar
2850,patchouli
2851,agarwood (oud)
2852,leather
2853,patchouli
2854,rose
2855,tobacco
2856,agarwood (oud)
2857,honey
2858,jasmine
2859,labdanum
2860,leather
2861,tonka bean
2862,agarwood (oud)
2863,copal
2864,jasmine
2865,mitti attar
2866,palo santo
2867,rose
2868,agarwood (oud)
2869,amber
2870,bergamot
2871,cedar
2872,cypress
2873,neroli
2874,suede
2875,tonka bean
2876,vetiver
2877,birch tar
2878,cedar
2879,eucalyptus
2880,pink pepper
2881,spruce
2882,vanilla
2883,agarwood (oud)
2884,elderflower
2885,jasmine orchid
2886,oakmoss
2887,patchouli
2888,suede
2889,violet leaf
2890,bergamot
2891,patchouli
2892,vetiver
2893,patchouli
2894,sandalwood
2895,vetiver
2896,agarwood (oud)
2897,caramel
2898,cashmeran
2899,cinnamon
2900,musk
2901,orange
2902,patchouli
2903,sandalwood
2904,agarwood (oud)
2905,fern
2906,agarwood (oud)
2907,amber
2908,oakmoss
2909,patchouli
2910,sandalwood
2911,vetiver
2912,cedar
2913,citruses
2914,iris
2915,agarwood (oud)
2916,cedar
2917,cinnamon
2918,leather
2919,patchouli
2920,saffron
2921,castoreum
2922,cedar
2923,cloudberry
2924,osmanthus
2925,patchouli
2926,pepper
2927,strawberry leaf
2928,cashmeran
2929,jasmine
2930,labdanum
2931,oakmoss
2932,patchouli
2933,pink pepper
2934,vetiver
2935,bergamot
2936,cedar
2937,jasmine orchid
2938,musk
2939,orange blossom
2940,patchouli
2941,rose
2942,sandalwood
2943,vetiver
2944,cinnamon
2945,clearwood
2946,oakmoss
2947,oakmoss
2948,patchouli
2949,pink pepper
2950,akigalawood
2951,mandarin orange
2952,tonka bean
2953,agarwood (oud)
2954,agarwood (oud)
2955,coffee
2956,tobacco
2957,agarwood (oud)
2958,cedar
2959,fig leaf
2960,cedar
2961,jasmine
2962,patchouli
2963,vanilla
2964,agarwood (oud)
2965,castoreum
2966,cedar
2967,coriander
2968,labdanum
2969,patchouli
2970,sandalwood
2971,tobacco
2972,tonka bean
2973,elemi
2974,oakmoss
2975,vetiver
2976,akigalawood
2977,iris
2978,neroli
2979,vanilla
2980,vetiver
2981,agarwood (oud)
2982,angelica
2983,cypress
2984,amber
2985,cedar
2986,jasmine
2987,patchouli
2988,rhubarb
2989,violet
2990,amber
2991,civet
2992,galbanum
2993,lily-of-the-valley
2994,oakmoss
2995,rose
2996,sandalwood
2997,vetiver
2998,cedar
2999,coconut
3000,jasmine orchid
3001,musk
3002,vanilla
3003,cedar
3004,grapefruit
3005,musk
3006,patchouli
3007,pepper
3008,angelica
3009,bergamot
3010,cedar
3011,oakmoss
3012,patchouli
3013,pepper
3014,rose
3015,vetiver
3016,violet leaf
3017,ambergris
3018,bergamot
3019,cedar
3020,jasmine orchid
3021,musk
3022,patchouli
3023,saffron
3024,sandalwood
3025,vetiver
3026,apple blossom
3027,cedar
3028,green notes
3029,mango
3030,musk
3031,pineapple
3032,vetiver
3033,agarwood (oud)
3034,musk
3035,raspberry
3036,cedar
3037,musk
3038,oakmoss
3039,agarwood (oud)
3040,cedar
3041,jasmine orchid
3042,agarwood (oud)
3043,cardamom
3044,olive leaf
3045,rose
3046,agarwood (oud)
3047,ambergris
3048,jasmine
3049,leather
3050,patchouli
3051,rose
3052,sandalwood
3053,styrax
3054,tobacco
3055,amber
3056,cedar
3057,grapefruit
3058,patchouli
3059,cedar
3060,fig
3061,oak
3062,orange
3063,tobacco
3064,agarwood (oud)
3065,ambrette (musk mallow)
3066,amyris
3067,bamboo
3068,jasmine orchid
3069,violet
3070,cabreuva
3071,lemon
3072,pink pepper
3073,tangerine
3074,vetiver
3075,cypriol oil or nagarmotha
3076,sandalwood
3077,cedar
3078,leather
3079,oakmoss
3080,tobacco
3081,cedar
3082,jasmine
3083,agarwood (oud)
3084,bergamot
3085,iris
3086,tobacco
3087,bamboo
3088,bergamot
3089,leather
3090,agarwood (oud)
3091,jasmine
3092,leather
3093,cedar
3094,cedar
3095,guaiac wood
3096,nutmeg
3097,styrax
3098,tobacco
3099,akigalawood
3100,ginger
3101,lavender
3102,mandarin orange
3103,aquozone
3104,cedar
3105,elemi
3106,mint
3107,olibanum (frankincense)
3108,vetiver
3109,cedar
3110,floral notes
3111,woody notes
3112,cedar
3113,musk
3114,cedar
3115,citruses
3116,sandalwood
3117,tonka bean
3118,cedar
3119,cinnamon
3120,lavender
3121,patchouli
3122,vetiver
3123,galbanum
3124,hyacinth
3125,cedar
3126,geranium
3127,orange
3128,orange blossom
3129,sandalwood
3130,tobacco
3131,vanilla
3132,agarwood (oud)
3133,amber
3134,ambergris
3135,cinnamon
3136,galbanum
3137,musk
3138,patchouli
3139,red apple
3140,rose
3141,sandalwood
3142,tuberose
3143,vanilla
3144,vetiver
3145,agarwood (oud)
3146,amber
3147,bergamot
3148,honey
3149,jasmine
3150,labdanum
3151,orange blossom
3152,papyrus
3153,petitgrain
3154,pink pepper
3155,rose
3156,sandalwood
3157,vanilla
3158,oakmoss
3159,pepper
3160,tobacco
3161,cypress
3162,galbanum
3163,ginger
3164,leather
3165,mandarin orange
3166,musk
3167,orange blossom
3168,styrax
3169,tonka bean
3170,vetiver
3171,ylang-ylang
3172,akigalawood
3173,apple
3174,cedar
3175,rose
3176,sandalwood
3177,amber
3178,bitter orange
3179,cedar
3180,ginger
3181,guaiac wood
3182,musk
3183,patchouli
3184,saffron
3185,sandalwood
3186,bergamot
3187,cedar
3188,cinnamon
3189,oakmoss
3190,cashmeran
3191,cedar
3192,cinnamon
3193,cypress
3194,grapefruit
3195,patchouli
3196,vetiver
3197,agarwood (oud)
3198,grapefruit
3199,juniper
3200,leather
3201,vetiver
3202,cypress
3203,amber
3204,musk
3205,patchouli
3206,peru balsam
3207,sandalwood
3208,tobacco
3209,vetiver
3210,agarwood (oud)
3211,patchouli
3212,saffron
3213,agarwood (oud)
3214,cardamom
3215,grapefruit
3216,jasmine
3217,leather
3218,musk
3219,patchouli
3220,saffron
3221,agarwood (oud)
3222,cedar
3223,jasmine
3224,pink pepper
3225,sandalwood
3226,agarwood (oud)
3227,patchouli
3228,rose
3229,cedar
3230,olibanum (frankincense)
3231,peat
3232,pepper
3233,angelica
3234,cypriol oil or nagarmotha
3235,hazelnut cocoa spread
3236,hyraceum
3237,orris root
3238,vetiver
3239,agarwood (oud)
3240,magnolia
3241,agarwood (oud)
3242,birch
3243,castoreum
3244,cedar
3245,styrax
3246,vanilla
3247,agarwood (oud)
3248,ginger
3249,rose
3250,saffron
3251,vetiver
3252,agarwood (oud)
3253,birch
3254,vetiver
3255,black currant
3256,citruses
3257,cypress
3258,cypriol oil or nagarmotha
3259,elemi
3260,ginger
3261,iris
3262,labdanum
3263,patchouli
3264,saffron
3265,tonka bean
3266,cedar
3267,leather
3268,myrrh
3269,saffron
3270,olibanum (frankincense)
3271,sandalwood
3272,vanilla
3273,vetiver
3274,agarwood (oud)
3275,lemon
3276,mint
3277,amber
3278,anise
3279,caramel
3280,cedar
3281,cherry
3282,cloves
3283,mushroom
3284,patchouli
3285,sandalwood
3286,tobacco
3287,vetiver
3288,cedar
3289,labdanum
3290,oakmoss
3291,tobacco
3292,vanilla
3293,agarwood (oud)
3294,amber
3295,olibanum (frankincense)
3296,patchouli
3297,raspberry
3298,rose
3299,sandalwood
3300,violet
3301,black currant
3302,cedar
3303,leather
3304,pepper
3305,rose
3306,vetiver
3307,cedar
3308,cloves
3309,patchouli
3310,ylang-ylang
3311,agarwood (oud)
3312,rose
3313,sandalwood
3314,sandalwood
3315,styrax
3316,tonka bean
3317,vanilla
3318,cedar
3319,hay
3320,jasmine orchid
3321,lavender
3322,musk
3323,oakmoss
3324,pear
3325,sandalwood
3326,tobacco
3327,vetiver
3328,yuzu
3329,heliotrope
3330,jasmine
3331,cedar
3332,pepper
3333,rose
3334,rose
3335,jasmine orchid
3336,jasmine orchid
3337,leather
3338,musk
3339,narcissus
3340,guaiac wood
3341,jasmine orchid
3342,lily-of-the-valley
3343,rose
3344,sandalwood
3345,black currant
3346,cyclamen
3347,jasmine
3348,jasmine orchid
3349,rose
3350,lily-of-the-valley
3351,mimosa
3352,narcissus
3353,osmanthus
3354,rose
3355,saffron
3356,almond
3357,citruses
3358,cloves
3359,geranium
3360,iris
3361,lily-of-the-valley
3362,rose
3363,rum
3364,sandalwood
3365,vanilla
3366,ylang-ylang
3367,bergamot
3368,civet
3369,elderflower
3370,jasmine orchid
3371,rose
3372,rose
3373,sandalwood
3374,ylang-ylang
3375,iris
3376,patchouli
3377,bergamot
3378,freesia
3379,jasmine orchid
3380,patchouli
3381,rose
3382,violet leaf
3383,amber
3384,cloves
3385,fragonia
3386,rose
3387,sandalwood
3388,vanilla
3389,violet leaf
3390,ylang-ylang
3391,jasmine
3392,rose
3393,rose
3394,coconut
3395,geranium
3396,jasmine orchid
3397,musk
3398,sandalwood
3399,tonka bean
3400,vanilla
3401,jasmine orchid
3402,musk
3403,patchouli
3404,peony
3405,pink pepper
3406,rose
3407,ylang-ylang
3408,iris
3409,neroli
3410,vetiver
3411,castoreum
3412,davana
3413,fragonia
3414,jasmine orchid
3415,neroli
3416,orris root
3417,rose
3418,tuberose
3419,vanilla
3420,ylang-ylang
3421,grapefruit
3422,juniper
3423,labdanum
3424,osmanthus
3425,rose
3426,citruses
3427,musk
3428,peach blossom
3429,vanilla
3430,violet
3431,iris
3432,jasmine orchid
3433,mandarin orange
3434,musk
3435,patchouli
3436,pear
3437,pepper
3438,vanilla
3439,jasmine orchid
3440,sandalwood
3441,vanilla
3442,rose
3443,rose
3444,violet leaf
3445,amber
3446,carnation
3447,jasmine orchid
3448,jasmine orchid
3449,orange
3450,vanilla
3451,peony
3452,rose
3453,iris
3454,lavender
3455,leather
3456,patchouli
3457,vanilla
3458,violet
3459,carrot
3460,celery
3461,geranium
3462,jasmine orchid
3463,lily
3464,mushroom
3465,orris root
3466,pepper
3467,rose
3468,rose
3469,lavender
3470,bergamot
3471,carnation
3472,iris
3473,lavender
3474,orange blossom
3475,vetiver
3476,violet
3477,heliotrope
3478,iris
3479,lavender
3480,musk
3481,violet
3482,rose
3483,rose
3484,violet
3485,citruses
3486,orris root
3487,peony
3488,pepper
3489,rhubarb
3490,tomato leaf
3491,violet
3492,violet leaf
3493,lavender
3494,rose
3495,rose
3496,rose
3497,jasmine orchid
3498,powdery notes
3499,cherry blossom
3500,musk
3501,mimosa
3502,sandalwood
3503,violet leaf
3504,lily-of-the-valley
3505,orange blossom
3506,orris root
3507,sandalwood
3508,violet leaf
3509,iris
3510,lavender
3511,leather
3512,patchouli
3513,pear
3514,jasmine orchid
3515,bergamot
3516,carnation
3517,carrot
3518,elemi
3519,iris
3520,jasmine orchid
3521,musk
3522,patchouli
3523,pink pepper
3524,sandalwood
3525,tangerine
3526,tobacco
3527,tokaji wine
3528,violet
3529,almond
3530,lilac
3531,violet
3532,violet leaf
3533,orris root
3534,vanilla
3535,violet
3536,violet leaf
3537,bergamot
3538,black currant
3539,coconut
3540,jasmine orchid
3541,musk
3542,rose
3543,vanilla
3544,violet
3545,champaca
3546,ginger
3547,ice
3548,jasmine orchid
3549,leather
3550,lily
3551,opium
3552,orange
3553,rose
3554,vanilla
3555,jasmine orchid
3556,sandalwood
3557,ambergris
3558,iris
3559,pink pepper
3560,rose
3561,apple
3562,bergamot
3563,jasmine orchid
3564,lily
3565,pear
3566,rose
3567,sandalwood
3568,tonka bean
3569,vanilla
3570,violet
3571,iris
3572,musk
3573,rose
3574,rose
3575,cedar
3576,jasmine orchid
3577,lavender
3578,leather
3579,musk
3580,orange blossom
3581,aldehydes
3582,heliotrope
3583,orange blossom
3584,rose
3585,tonka bean
3586,orris root
3587,vanilla
3588,agarwood (oud)
3589,amber
3590,citruses
3591,floral notes
3592,rose
3593,jasmine orchid
3594,mimosa
3595,mint
3596,musk
3597,petitgrain
3598,coconut
3599,driftwood
3600,fragonia
3601,jasmine orchid
3602,narcissus
3603,salt
3604,sandalwood
3605,agarwood (oud)
3606,ambrette (musk mallow)
3607,floral notes
3608,forest fruits
3609,iris
3610,rose
3611,geranium
3612,orange blossom
3613,rosemary
3614,apricot
3615,bergamot
3616,pink pepper
3617,rose
3618,rose
3619,heliotrope
3620,rose
3621,sandalwood
3622,vanilla
3623,jasmine orchid
3624,sandalwood
3625,vanilla
3626,violet
3627,jasmine orchid
3628,ylang-ylang
3629,tuberose
3630,violet
3631,ylang-ylang
3632,osmanthus
3633,agarwood (oud)
3634,iris
3635,jasmine orchid
3636,patchouli
3637,sage
3638,violet
3639,floral notes
3640,honey
3641,iris
3642,jasmine orchid
3643,jasmine orchid
3644,rose
3645,tuberose
3646,agarwood (oud)
3647,green tea flower
3648,lavender
3649,musk
3650,citruses
3651,jasmine orchid
3652,magnolia
3653,musk
3654,oakmoss
3655,osmanthus
3656,patchouli
3657,rose
3658,cedar
3659,jasmine orchid
3660,magnolia
3661,mandarin orange
3662,osmanthus
3663,amber
3664,bergamot
3665,carnation
3666,cedar
3667,jasmine orchid
3668,oakmoss
3669,pepper
3670,rose
3671,sandalwood
3672,tobacco
3673,amber
3674,apricot
3675,davana
3676,rose
3677,rose
3678,violet
3679,cashmeran
3680,cedar
3681,ginger
3682,lily-of-the-valley
3683,violet
3684,iris
3685,lemon
3686,musk
3687,patchouli
3688,rose
3689,violet
3690,amber
3691,bergamot
3692,cedar
3693,grapefruit
3694,iris
3695,lavender
3696,lemon
3697,musk
3698,rose
3699,violet
3700,ambergris
3701,iris
3702,jasmine orchid
3703,leather
3704,resins
3705,sandalwood
3706,tuberose
3707,violet
3708,hyacinth
3709,jasmine orchid
3710,sandalwood
3711,vanilla
3712,amber
3713,camphor
3714,costus
3715,galbanum
3716,geranium
3717,hay
3718,lavender
3719,oakmoss
3720,rose
3721,sandalwood
3722,bergamot
3723,cedar
3724,cloves
3725,cypress
3726,galbanum
3727,geranium
3728,hatkora lemon
3729,ho wood
3730,jasmine orchid
3731,juniper berries
3732,labdanum
3733,lavender
3734,neroli
3735,olibanum (frankincense)
3736,opoponax
3737,orange
3738,osmanthus
3739,palmarosa
3740,pepper
3741,pepper
3742,petitgrain
3743,rose
3744,rose
3745,sage
3746,sandalwood
3747,tuberose
3748,vanilla
3749,vetiver
3750,ylang-ylang
3751,yuzu
3752,black currant
3753,jasmine orchid
3754,mandarin orange
3755,oakmoss
3756,peony
3757,praline
3758,vanilla
3759,apple
3760,honey
3761,jasmine orchid
3762,musk
3763,patchouli
3764,rose
3765,cinnamon
3766,geranium
3767,lavender
3768,lemon
3769,rose
3770,tokaji wine
3771,violet
3772,bergamot
3773,cardamom
3774,jasmine orchid
3775,mate
3776,mint
3777,rose
3778,violet
3779,rose
3780,sugar
3781,vanilla
3782,lily-of-the-valley
3783,musk
3784,tuberose
3785,vanilla
3786,bergamot
3787,jasmine orchid
3788,pear
3789,rose
3790,rose
3791,iris
3792,musk
3793,barley
3794,black currant
3795,musk
3796,poppy
3797,violet
3798,raspberry
3799,saffron
3800,carrot
3801,leather
3802,saffron
3803,violet
3804,black currant
3805,mimosa
3806,musk
3807,black currant
3808,blueberry
3809,caraway
3810,juniper berries
3811,black currant
3812,cedar
3813,jasmine
3814,leather
3815,coconut
3816,mandarin orange
3817,musk
3818,vanilla
3819,vetiver
3820,apricot
3821,juniper
3822,apple
3823,gooseberry
3824,rhubarb
3825,black currant
3826,mint
3827,musk
3828,neroli
3829,tonka bean
3830,water lily
3831,apple
3832,jasmine orchid
3833,magnolia
3834,pineapple
3835,coconut
3836,musk
3837,pomelo
3838,rose
3839,sandalwood
3840,tuberose
3841,agarwood (oud)
3842,black currant
3843,coconut
3844,jasmine orchid
3845,musk
3846,peach
3847,resins
3848,rose
3849,red fruits
3850,carrot
3851,jasmine orchid
3852,pink pepper
3853,vetiver
3854,black currant
3855,coriander
3856,fig
3857,fig leaf
3858,galbanum
3859,vanilla
3860,fig
3861,myrtle
3862,sandalwood
3863,peach
3864,coconut
3865,heliotrope
3866,pineapple
3867,thyme
3868,peach
3869,rose
3870,labdanum
3871,salt
3872,cade oil
3873,cardamom
3874,myrrh
3875,olibanum (frankincense)
3876,agarwood (oud)
3877,bergamot
3878,cade oil
3879,elderflower
3880,labdanum
3881,olibanum (frankincense)
3882,patchouli
3883,rose
3884,saffron
3885,myrrh
3886,rose
3887,cedar
3888,elemi
3889,green tea flower
3890,olibanum (frankincense)
3891,yuzu
3892,grapefruit
3893,jasmine orchid
3894,labdanum
3895,olibanum (frankincense)
3896,opoponax
3897,agarwood (oud)
3898,caramel
3899,labdanum
3900,musk
3901,nutmeg
3902,opoponax
3903,pink pepper
3904,jasmine
3905,labdanum
3906,musk
3907,olibanum (frankincense)
3908,tangerine
3909,vetiver
3910,cedar
3911,elemi
3912,olibanum (frankincense)
3913,olibanum (frankincense)
3914,pear
3915,rhubarb
3916,rose
3917,tokaji wine
3918,vetiver
3919,birch tar
3920,castoreum
3921,cedar
3922,peru balsam
3923,tobacco
3924,vanilla
3925,tuberose
3926,tuberose
3927,tuberose
3928,orange blossom
3929,jasmine
3930,resins
3931,gardenia
3932,sandalwood
3933,vanilla
3934,jasmine
3935,honeysuckle
3936,jasmine orchid
3937,salt
3938,sandalwood
3939,orange blossom
3940,jasmine orchid
3941,marian plum
3942,orange blossom
3943,tuberose
3944,jasmine
3945,leather
3946,vanilla
3947,citruses
3948,jasmine
3949,orange blossom
3950,patchouli
3951,jasmine
3952,patchouli
3953,saffron
3954,jasmine
3955,saffron
3956,amber
3957,bergamot
3958,gardenia
3959,jasmine
3960,mandarin orange
3961,myrrh
3962,orange blossom
3963,passionfruit
3964,pomelo
3965,rose
3966,sandalwood
3967,tuberose
3968,orange blossom
3969,tonka bean
3970,hazelnut cocoa spread
3971,jasmine orchid
3972,tonka bean
3973,tuberose
3974,caramel
3975,hazelnut cocoa spread
3976,honey
3977,patchouli
3978,vanilla
3979,caramel
3980,hazelnut cocoa spread
3981,honey
3982,tobacco
3983,vanilla
3984,whiskey
3985,coconut pie
3986,eucalyptus
3987,sugar
3988,vanilla
3989,dark chocolate
3990,salt
3991,almond
3992,caramel
3993,coffee
3994,dark chocolate
3995,heliotrope
3996,rum
3997,sandalwood
3998,dark chocolate
3999,heliotrope
4000,tonka bean
4001,sugar
4002,violet
4003,amber
4004,caramel
4005,cream
4006,salt
4007,vanilla
4008,vetiver
4009,amber
4010,250
4011,fragonia
4012,jasmine
4013,rum
4014,saffron
